customer_id,customer_unique_id,customer_zip_code_prefix,customer_city,customer_state
06b8999e2fba1a1fbc88172c00ba8bc7,861eff4711a542e4b93843c6dd7febb0,14409,franca,SP
18955e83d337fd6b2def6b18a428ac77,290c77bc529b7ac935b93aa66c333dc3,9790,"sao bernardo do campo",SP
4e7b3e00288586ebd08712fdd0374a03,060e732b5b29e8181a18229c7b0b2b5e,1151,"sao paulo",SP
b2b6027bc5c5109e529d4dc6358b12c3,259dac757896d24d7702b9acbbff3f3c,8775,"mogi das cruzes",SP
4f2d8ab171c80ec8364f7c12e35b23ad,345ecd01c38d18a9036ed96c73b8d066,13056,campinas,SP
879864dab9bc3047522c92c82e1212b8,4c93744516667ad3b8f1fb645a3116a4,89254,"jaragua do sul",SC
fd826e7cf63160e536e0908c76c3f441,addec96d2e059c80c30fe6871d30d177,4534,"sao paulo",SP
5e274e7a0c3809e14aba7ad5aae0d407,57b2a98a409812fe9618067b6b8ebe4f,35182,timoteo,MG
5adf08e34b2e993982a47070956c5c65,1175e95fb47ddff9de6b2b06188f7e0d,81560,curitiba,PR
4b7139f34592b3a31687243a302fa75b,9afe194fb833f79e300e37e580171f22,30575,"belo horizonte",MG
9fb35e4ed6f0a14a4977cd9aea4042bb,2a7745e1ed516b289ed9b29c7d0539a5,39400,"montes claros",MG
5aa9e4fdd4dfd20959cad2d772509598,2a46fb94aef5cbeeb850418118cee090,20231,"rio de janeiro",RJ
b2d1536598b73a9abd18e0d75d92f0a3,918dc87cd72cd9f6ed4bd442ed785235,18682,"lencois paulista",SP
eabebad39a88bb6f5b52376faec28612,295c05e81917928d76245e842748184d,5704,"sao paulo",SP
1f1c7bf1c9b041b292af6c1c4470b753,3151a81801c8386361b62277d7fa5ecf,95110,"caxias do sul",RS
206f3129c0e4d7d0b9550426023f0a08,21f748a16f4e1688a9014eb3ee6fa325,13412,piracicaba,SP
a7c125a0a07b75146167b7f04a7f8e98,5c2991dbd08bbf3cf410713c4de5a0b5,22750,"rio de janeiro",RJ
c5c61596a3b6bd0cee5766992c48a9a1,b6e99561fe6f34a55b0b7da92f8ed775,7124,guarulhos,SP
9b8ce803689b3562defaad4613ef426f,7f3a72e8f988c6e735ba118d54f47458,5416,"sao paulo",SP
49d0ea0986edde72da777f15456a0ee0,3e6fd6b2f0d499456a6a6820a40f2d79,68485,pacaja,PA
154c4ded6991bdfa3cd249d11abf4130,e607ede0e63436308660236f5a52da5e,88034,florianopolis,SC
690172ab319622688d3b4df42f676898,a96d5cfa0d3181817e2b946f921ea021,74914,"aparecida de goiania",GO
2938121a40a20953c43caa8c98787fcb,482441ea6a06b1f72fe9784756c0ea75,5713,"sao paulo",SP
237098a64674ae89babdc426746260fc,4390ddbb6276a66ff1736a6710205dca,82820,curitiba,PR
cb721d7b4f271fd87011c4c83462c076,a5844ba4bfc8d0cc61d13027c7e63bcc,8225,"sao paulo",SP
f681356046d9fde60e70c73a18d65ea2,5f102dd37243f152aec3607970aad100,9121,"santo andre",SP
167bd30a409e3e4127df5a9408ebd394,9c0096673baf55453a50073f12d1a37f,74310,goiania,GO
6e359a57a91f84095cc64e1b351aef8c,2e6a42a9b5cbb0da62988694f18ee295,4571,"sao paulo",SP
e0eea8f69a457b3f1fa246e44c9ebefd,4d221875624017bc47b4d1ce7314a5b7,29311,"cachoeiro de itapemirim",ES
e3109970a3fe8021d5ff82c577ce5606,a8654e2af5da6bb72f52c22b164855e1,5528,"sao paulo",SP
261cb4f92498ca05d5bd1a327a261d9c,424aca6872c5bab80780a8dec03b7516,12235,"sao jose dos campos",SP
6f92779347724b67e44e3224f3b4cffd,bf4862777db128507e9efcc789215e9b,18130,"sao roque",SP
2d5831cb2dff7cdefba62e950ae3dc7b,e9dd12dca17352644a959d9dea133935,42800,camacari,BA
b2bed119388167a954382cca36c4777f,e079b18794454de9d2be5c12b4392294,27525,resende,RJ
469634941c27cd844170935a3cf60b95,ef07ba9aa5226f77264ffa5762b2280b,81750,curitiba,PR
df0aa5b8586495e0ddf6b601122e43a1,85d234692f7bee8d6fea586e237334b6,13175,sumare,SP
41c8f4b570869791379a925899a6af8a,fe3634ccefbcdb0537b45fd589e32e8e,7170,guarulhos,SP
54f755c3fd2709231f9964a1430c5218,40febde16f4718a5def537786473b0be,93415,"novo hamburgo",RS
4c06b42fbf7b97ab10779cda5549cd1c,07d190f123147d9e89d4b922543d7948,65075,"sao luis",MA
b6368ca0f56d4632f44d58ca431487b2,dd992305cba295d997f263dbdf4e8c2e,88104,"sao jose",SC
4a0e66fd30684aa1409cd1b66fec77cc,86085586aaa8c5f47ed0b400da64c59d,7176,guarulhos,SP
c168abb9077b7821adae01dc1f0886c5,5ad58a4e6a1a656b6bed070cadbaa003,35960,"santa barbara",MG
a3b0fda37bae14cf754877bed475e80c,c9158d089637ab443c78984d20da7fc0,5727,"sao paulo",SP
0ccd415657ae8a6cd1c71b00155a019e,66cc90195ca44cc7ac6a1cd0e1e1e7b2,7053,guarulhos,SP
c532a74a3ebf1bacce2e2bcce3783317,91ec50a00ae74d0a229d2efdf4344e1e,14026,"ribeirao preto",SP
19cecb194f54e614b70d971306a9931b,d251c190ca75786e9ab937982d60d1d4,30320,"belo horizonte",MG
f34a6e874087ec1f0e3dab9fdf659c5d,233896de79986082f1f479f1f85281cb,38300,ituiutaba,MG
c132855c926907970dcf6f2bf0b33a24,a8ae36a2bb6c2bbc3b5d62ede131c9ef,18740,taquarituba,SP
df85b96ba2ce3e49bde101b1614f52ac,8d46223c91cbeb93e0930ca8bd8ffca2,83085,"sao jose dos pinhais",PR
4d27341acd30a36bca39008ee9bb9050,e021e698833bdeb89dfef3acb2e91f37,89254,"jaragua do sul",SC
d3b6830d18c7de943d1e707d1f061d40,27cf4b153010911a0957150255a6c6db,5351,"sao paulo",SP
79de53946db384e2d7a9bd131792ad17,7ce5b57a120a2da6a804afa58ffcbfb5,39406,"montes claros",MG
a562ab1e728449e3461829dfe2e36f73,d33eeadf54cb883e79be640f38c32cdc,14860,barrinha,SP
b64ed91eab98972150bdaf77ca921934,3da7750bf3c1dbd724624a60a9f5942b,21310,"rio de janeiro",RJ
8247b5583327ab8be19f96e1fb82f77b,d85547cd859833520b311b4458a14c1c,23970,parati,RJ
8fcaa9368903f3a9a28aeaff28c14638,3af0b2f7654f613ff1527b997a2ac57e,79804,dourados,MS
a9b0d1c26105279e1b8edc63d06bd668,3d49f4455a3947c8dd7e972b3ad8cb76,5017,"sao paulo",SP
aa9f03ecd3728c9bd12e6d962c66c7cb,b03e9d9818ee170e9d6b983803c7d406,75388,trindade,GO
230c0d740401730c7197d16376893525,a302a693d5722d95984e6472150b9391,85808,cascavel,PR
a905baa530258422594f1b05615bd225,c80da60feddb7cf8325bd104032e314a,60140,fortaleza,CE
4fa19f7da692e6bf9602aaad3c372eda,a2b8841410cf77619574d311cd06fd5e,72270,brasilia,DF
03f846ad03437d864a8d2a22976dcafe,7677c213007e9a6ec9267ea50b5ce5bc,2075,"sao paulo",SP
de4e13fd7d6469c5ada77d0843c55e42,0c17f9ac28cbd7323f0f4043e9db5907,96015,pelotas,RS
8276de07ef25225d412b8462d73f8664,332cf4e83e16004ba7dca932ce82475b,90010,"porto alegre",RS
cc32707d2e2f7c92ab449f9b28154809,0d516ca029d6a28d5cfddd80b27a26dc,22440,"rio de janeiro",RJ
a02f66c3af7b16eec19ddcd98b645fe3,b3548d0cec408ae13d143bb4eeebaa6c,13323,salto,SP
26acee41e2f75689a5615892f06ea0bd,c3293e875ffb1116018edf76d24e52a2,30190,"belo horizonte",MG
f64cdee66599119324ce57a97e43700d,d89e05e2d23c3d8247aeecd07758004b,13212,jundiai,SP
7ab7a537b678b6dd73d825ff6ee7be9d,dad5018ffc0de85eb72f72575b552784,29307,"cachoeiro de itapemirim",ES
7300450cedf7e4c35c243c4a03c1e8a6,95700615deef776ed32faa08f0be634e,12280,cacapava,SP
4c7241af24b5344cb01fe687643de4fe,b157c176c3fe04914fde33f2dc8b878a,60336,fortaleza,CE
97e126f19a6f04b3462619f36862bcd2,d4397835ae287e492b186d497099439a,11310,"sao vicente",SP
6d27a9361e591da38c87a5e70253f3f2,76b029c87118a29f2e3de420f5ec2fa2,38408,uberlandia,MG
6810c3dc47f641181fcc7f73275c3d19,7eaa86786b5955ab188db287f4726d79,37720,botelhos,MG
b514422efcf14bef34858a0829bef189,b436a108536c1dabbc1d3e808d782df9,24431,"sao goncalo",RJ
0aae2862f8eac77f10a34f44860720ac,cd076285a12f40041b32f5ad8c98699f,5890,"sao paulo",SP
6c9a5923526346cbc0bd7bbd92269c01,cf6d4152d758efc43910e0141ae5b912,3733,"sao paulo",SP
1b2cb35b19b40b61f953d32ea157b337,468d559ef2dcd2bea6d8db78959fb90f,83709,araucaria,PR
12d1b4294fef21016c9614eb31e55e15,7556f182460418cf30957e6ce377c674,11347,"sao vicente",SP
f6529ffebe6b3440d45d89604a4239ac,e5dbefdfdf3eff75c8e6cd655f128279,26272,"nova iguacu",RJ
8264e3518163dd09211870b24a5d741d,67d21c8bea9d6017d1b124d3879dd815,5415,"sao paulo",SP
8392e3d4cfeec63f2a8bfea68bf1f91f,fd2d5fdb84e65fa6b54b98b0e2df5645,59655,"areia branca",RN
38d1cd89306128348ffdf4cc23f3a50a,d491a65a6ef3c04e145d37395996bad7,4548,"sao paulo",SP
91ec76836092bba85d11761078ed7bb5,6edd17d0a29e2d4057e694afee5eaa3b,28010,"campos dos goytacazes",RJ
f9dfa0a2934ffbb22e66924952548be8,bf6e263ffc1f89999827615522b0aa45,13573,"sao carlos",SP
5a3260cfde2a918b597dada7ddd247bb,6d3f61e35d0422fd8cae65b1798784be,2175,"sao paulo",SP
ee3a81b2771fec5f9e982cdb1b3a4804,a9a77b4e25980b7ca58cb71f878abb27,37500,itajuba,MG
784c407781aa34749a388c9283782b56,eca666aec08df69fe31aa9a11d4a3302,90670,"porto alegre",RS
3f6ede29d4c69cd3316d2035b6cec1fb,7a380cb5434e6b6b5b37d45bb99dbe8a,9890,"sao bernardo do campo",SP
6bed27564bd99d78d09c1fac13da56fd,463093247faa080167d77f2e6d1b297d,13321,salto,SP
670254dd2e886ffe621b3831afb47d7d,914b142462685e3161cf3a9f4152a028,44380,"cruz das almas",BA
f7cb015ff73be957ee6a30e2577742c5,e235442a956c524e6c141141171f5801,27700,vassouras,RJ
ea2196dc456ba36fe4f6b81dca4867d4,4a4de987b37555970ffcc9608d858a72,44033,"feira de santana",BA
09241c552e9fe2420997a6c535e9d408,44e9a1246448bd68a2e3bf0f1966c57a,4537,"sao paulo",SP
e50a30de3c32f9406a7185f40ce6874d,b4d6e1b900d99b52e901860bc1f44e35,71540,brasilia,DF
f89c1a6b9c966869e441e55bc14acddc,809353196a0456095716566dd226bb48,13569,"sao carlos",SP
23e96758fd640560e9b1fbcda90abfc4,9e1f719fe5b17b9c51905fee6d6385c1,5565,"sao paulo",SP
369708cabd9831ea6fde670a3b602a92,94b731a41867b47c3856e324840c4c99,3636,"sao paulo",SP
5f8b4882b5a4ec7bf6d2107e6cd0cf29,694cb45ff29b603ac2acd51016770097,24120,niteroi,RJ
ad6891a1937cb8723a2c08ba1ae59873,9dbb05f5577e862337b93feb8f358839,65058,"sao luis",MA
ae76a4650235ab18764708174f1da31e,2b6082a140c439e2df870c85b0aa5e88,2983,"sao paulo",SP
a1b9e0e44dbb043645cd14b00849a705,eab761ccdba80c5b9a7f01b16543da0f,4105,"sao paulo",SP
443b534d0d27a8aa9a184d4869bcbe7a,4071d48a2d0d0bf179c06fc42b962e1f,89260,"jaragua do sul",SC
126cf4e9fd189d2d64bc9b112fd6a5e8,90d479448b39ad9586d05da64cfb695b,62016,sobral,CE
530220145a68ef57f0cc54faf1061f8c,7b24d0e6584ac5a21ec1256d96965500,35500,divinopolis,MG
4cc465bb8ccb079ba561852ffa794668,7981196c7252350915beb9a7367d40b2,8743,"mogi das cruzes",SP
9b7822c67a91b431e9254007b587214d,9d0ac1cdbfc919d676e2c2377abb32c1,71928,brasilia,DF
1f6ba909178c5b0e523cabcadb617a4c,b1a049b952fdc19b69b2865c29986b9c,4938,"sao paulo",SP
39c9dc82d5f60eb1ee8bc4fe4aa29dc6,1f6d48610f32c723924f9af3e88f1c64,2209,"sao paulo",SP
560829a36d563e8395cc073071a02bfd,fa7e6f153b7724fda5c1d7cc7b9ae4ec,25850,"paraiba do sul",RJ
b80adce6a72fc096b80a540312a24a95,8728c766c84eeda24b3e54fe6e632051,53437,paulista,PE
eb67e9bd3357fbacdbef99759f919573,4bc7250d4b42b3374eb6f41b12429592,4710,"sao paulo",SP
70a8cfb1730fd53e5c15f2a62e1e5448,29f61e71b90b55a988f45a66bb91bfb7,6382,carapicuiba,SP
8891eb5ca0e28df961b2b5b8f3c0eb23,13ac6da47fef1b17b16f511e03b57918,2632,"sao paulo",SP
eb03682e1118b3af176b229932bfa8be,9553802042571deac62d5789ed18a241,95765,"bom principio",RS
db781c2a257ae6fb647104d94c9af367,37e1a83b513512531032b4a9c43bab5d,2631,"sao paulo",SP
fe6d73ac006153a398439253006e5adc,60f874c577dc096ecd52bd0bf6bd5942,36780,"astolfo dutra",MG
aa0fbd830c89acc3d79d311ff43d0920,eabd76f3506262b0db0dda1d48394a9b,80050,curitiba,PR
af9d76931724cedc3b32de0c5aabcc8a,93bf5d4e752358fa9ea738ebf793cb79,30664,"belo horizonte",MG
b0964d76975dbc174b623b5a300973d5,24a5c2b24a4467c37e2f54c1b311de93,86990,marialva,PR
bf60fa574e188373d3cb331d04aeb4f1,54fccbde5e005f2dbc6ad8d5473c9ac7,8490,"sao paulo",SP
66cc929741c3d1d277e05b4540bf9a8c,1bdff446efb5846d0969eaf8978d4342,15015,"sao jose do rio preto",SP
e32daa14dfa90eff675034dc7d462cf3,52e57dd9218d99ea21b26f00c9151761,28909,"cabo frio",RJ
23ff88906d6e5bfbb904867f888b3658,d04c37e1699d05ba4f5fe7cf2bffc97a,32140,contagem,MG
8d1b923f85a34afac5bd669d50417602,82e96a74eeb99b61395a1403630fe437,38410,uberlandia,MG
7897c2b0a7cb0636ec2d75020c14c1a5,7b3b8cf6cef1b5fb3f47348a33cd6d42,86640,cafeara,PR
3ccb27f9c7ee205656acef98c19fc061,f32cdbbeca0aba5358bddc018dd12b09,91340,"porto alegre",RS
ab23bc8d29aaf7a3978d8e819817575b,2e61eefc516ee26837d29fd3d76530fa,14600,"sao joaquim da barra",SP
c82a5e4fafdbeb34f08928ccfba27d14,ca19a17e381182923b66007a351574b7,85854,"foz do iguacu",PR
7e468d618e16c6e1373fb2c4a522c969,96b1c916f245f2462efcde3fce04bc3e,30421,"belo horizonte",MG
dc53883e94804c81b4afdf2c23478d97,5ece49e012285b9003d084a4ea8a9c94,9862,"sao bernardo do campo",SP
53b6d45cb9684a4b93e0ba2030222456,5d348bbc0f1a5cc45c3e4b93b8c9f802,24431,"sao goncalo",RJ
f7c5afab273b47ab517e096e0219b932,b6c083700ca8c135ba9f0f132930d4e8,8686,suzano,SP
faafae37ddb3e4af81c10a397bcca35f,1a7a10e9273fca58179bdd0d40843b0c,7243,guarulhos,SP
acca74d2a60c03b46a5256c02cef9244,f34cd7fd85a1f8baff886edf09567be3,89120,timbo,SC
cb96e80748675729d4d3857321cacb26,67626c49069bdf05ff127d59a6649948,88348,camboriu,SC
05323a24770d4897bba59aab79f6d7b0,56636fd22de1a315b8a50d45cf94d859,95340,"nova bassano",RS
e255bea28fdeb105b85a23947349cca5,34c6f984b590bbfe3d4d6c76007c0b1c,96215,"rio grande",RS
8b47e5ba29a9cd9947ee6be2f025ed66,9bbfdf9f7f65b58481e1ed110a2eed46,71665,brasilia,DF
c67de3b27c091f07a35cd57362cf225e,0567f279c243671842613f581ed3462c,12929,"braganca paulista",SP
f0bbb754a5855f669094d5049c09c548,30a7c7292c38ac22477fcb75306ac4ef,78600,"barra do garcas",MT
0fd53cbc9dc85be3e9d7c6e74bc957a5,ba66b6edd0756a62cb11be4d4655ed32,4960,"sao paulo",SP
d387341bbce5ab96e3647bb0e8d0b55a,91e6fd64694fa9a828270d442ba88e03,6835,embu,SP
f46e1689a2c6031af912a19a489a6329,87edab6661956d4d2f05e205251cf1a4,9784,"sao bernardo do campo",SP
d6ea00d4a2dca6a01c708931b325a9e5,1d4626b197f66aa6129c135ab09f1a7b,73020,brasilia,DF
2f79ca5a979f66eb36747f4b354be942,bb50112c998293f45f49f49704165768,88840,urussanga,SC
a6c49eaa9ed575df1a3476b20668ab3b,113bdaf5255ce5a458057ebf9975befb,37589,silvianopolis,MG
2f97782bbc64b71cba9e79d12757479b,7aeb8dc11cd50c32f37fea0435c4e9b1,5874,"sao paulo",SP
8e13b94866f3b17a0b57139b90df1a4e,b778de6d690edae39654f4444e081771,39505,gameleiras,MG
f4b8696f625adaeef763cc9cd712c921,ef6b4c0581dbf34e6eb5e33e0094c445,66050,belem,PA
dc0a596a36f033e89eeecbbbaa5603e9,8dfb24fac32ec7170821d2be63fa9c1c,37701,"pocos de caldas",MG
154e666b681104319714a99a3ab71e44,be1e99a0c57d7c3c699cfc4db26c8edf,32070,contagem,MG
08ef50ea1923ce347f194bbc8d8e40e9,337691bc9242e1d53d521ed78a12ab8d,11065,santos,SP
caa060324a30054bae148e4d7ad1da22,05aa2ef3623cdba9ca3e83b91f1eee5c,12970,piracaia,SP
7f2357cfd99c900565e6ffd6d2708d9d,466c3a741a952640c1984a48ebbffbf9,22251,"rio de janeiro",RJ
d8eaef18d54f26637bdd57fb1254bbb6,09f54e88196d12eba479017f13f0e237,11035,santos,SP
eb66863a17ee48ce53653ee4afd4af21,b49d79cdef655bb4cdf8223390c20524,78557,sinop,MT
ae8db0691449a44352e7d535ddf78c5e,ad28944afc91824e30366a595654aaa4,11440,guaruja,SP
8df178ced93d8d488dfceefc8f619d9a,0b48151c4ac827afeee06ce2d77cc343,6401,barueri,SP
3469ebe2f9aa5e08f1a85ecf20b549e0,755bdc2822a8f01cfcec19ae4dcaae66,5590,"sao paulo",SP
666bc6ad016f3a24ccc0d0bcd878f8ee,a4813c3f53f0652da225d8410cc615a0,95770,feliz,RS
f20afd4cc727293b97398aa1c665e9cc,2eac18b475d7d985f0ab52b9c010f59f,4679,"sao paulo",SP
e559ddc91d9410c38d576e423ffbb67b,de53649541ad2006de823720ad65ca77,30330,"belo horizonte",MG
cfde53fd036308dba103823ba561b885,610d3e47ad4921adc40aa9fd6bbeeaa5,12270,jambeiro,SP
23e22609b3a5ccd8fcf8cd0cf8a28f7f,1da2a3343d3e10a969375849ac5b7f1f,15050,"sao jose do rio preto",SP
0f3c6edd9f58c263db53fdb1783a249d,3321a75303831a580b0973bbf54900da,35160,ipatinga,MG
69572b6a8713a15e9f1fa80b1620daf4,7a78c6e53163e36c68d2f22f5909b0eb,17602,tupa,SP
4d5110d0a2b5239cb983610da1d18774,629fb99609e4613c746af4eaa455c91a,4427,"sao paulo",SP
5195c80d2034a6123f3866574cfffde8,a296df1cf7557b871094bda3d269972e,70750,brasilia,DF
bd30c8ec7f7139af7195e1f7f031e131,237c219a24b6a3183a216a5ca00f6edf,89031,blumenau,SC
9712f52bb03dbf1e5f778230d13d96cc,49d79c76cf12065b7a08103cdba3e1b8,15275,moncoes,SP
21fb2ebc5077f72af04e6ead0763eba5,59150cde6405fb8f31f6dd1882d15754,22290,"rio de janeiro",RJ
b47973c8ea3acd5c549120a28d31f62c,a05262e3e3de722e0a42cfa3b48e622c,3563,"sao paulo",SP
80b5a39f1962bdc67b8ac0a96936a7b6,f62f269f9ce7c41d20a90f70df873f42,88330,"balneario camboriu",SC
c4c3372671aab4ba29e3e410ed8fc5e3,6e4188c01246d30b20d17a1ed42094fe,20030,"rio de janeiro",RJ
0981cb5376215f2570ccacd95d6ef3f6,8377420a8b3549f6f40dca93815ee602,4723,"sao paulo",SP
89056b2877a2be69b4e9c9d7ebc3ae5d,43676e9993577d1991036ea6720213de,65430,"vargem grande",MA
9d46b89032f34a48706407829dbb55b5,8dc17b53543ee0ff19970896cfc6c750,79130,"rio brilhante",MS
9e0628923d9fe029c079eb11ae72d241,dc643b60537f44f35b2f91610ea64153,36855,eugenopolis,MG
a1d79dad5150f0021ad8bc433364aa4f,f1a7919983d547880b4111fd4f77c74d,66055,belem,PA
0ca483f116807018eaa073ff9ad84246,fd3c867c2bcd048675609cf2b0f1aedb,15054,"sao jose do rio preto",SP
277046fb06e3f5185b0f4a816b811286,05292bc3f6db7fd79133285a32a82d53,13142,paulinia,SP
019200fa574c9eda0fbc82c71fcc8fbe,7530369a1ddf13882910895b0559423d,3951,"sao paulo",SP
668719742fade470e60fa657269c7784,a43149b43ab4253753f89fb6909d1371,13214,jundiai,SP
8541665e9f73b628748b234cf6bb46bd,c230d0a507ccf302b339305e2acf3376,3127,"sao paulo",SP
0f2472966982432136bd3dc7098d5bde,58e1140fb8f15f1a010d01a34bfbf77d,9030,"santo andre",SP
b06429ef920fcfdd75713c712c9ee7b7,9316f45a5da8403a5938bd6069b1a4a7,12240,"sao jose dos campos",SP
46c6a82294d359a290ff408b11cbb643,1605a6c5d93d3488fb621c5323930795,22251,"rio de janeiro",RJ
4ad4f929392158a3bb76b3ec02a751b2,25775ec7ac8aff278f093e8614bb3331,13045,campinas,SP
332fa01da1b4e11dfbc8df1ed883a467,317a5bc8cf58c4401e221c74d7a51982,30830,"belo horizonte",MG
029ca19aa34f9311941ab931975cff1b,95363f351776a3f8a43145c79a046053,86806,apucarana,PR
2abea2bf3e5611f7a96f8d24f21a7198,ed62ab8aab76f4d4efc4344ba5ef3a6d,52070,recife,PE
e4dbb700c76f5706dd58f9b9ef613aed,f8f338d24407d8c6da17ada8bf6eb613,6290,osasco,SP
b25c961cb9da931b083a952527eb8956,ce900bc17b3e45ec05956db418d86207,13270,valinhos,SP
85c300925a8a3da681a6b021551d239c,a5c133a6a95d06f06939fd961fb8a0c3,9040,"santo andre",SP
49af8d1256e91058af5b255f4fbc0e6d,7cc3f51930537216ff70ecdc8f506a37,69049,manaus,AM
82a5aaed30c2e07b5b0e4cb5dfcc332d,0d77d20b2c7c92602b0c4ec4fe5997af,95595,cidreira,RS
eee74b2a9aa0989243d2793c1a90fbf6,a40096fc0a3862e9e12bc55b5f8e6ab2,20561,"rio de janeiro",RJ
ba12c461af37457048f420e37de2abab,c68949b701afe5343ce845dd492772e8,97700,santiago,RS
852947b57caab58c544343592f5e06d2,4f6d635ff2fd4e30ff5369a7b943eb22,8340,"sao paulo",SP
5e24c55ef0779a3c578d272ff7c3d4fb,226c621e6babfecac4e9e776382c77aa,97340,"sao sepe",RS
af75138c42a3bc72157eaf45b6da592f,ca87392503c5a503ff16afc9344ebbe0,78580,"alta floresta",MT
80c74074b2a3c419ee813c0b31ef95c7,e9adf7ea1e1dbb166b5024015154104b,7191,guarulhos,SP
314ec9cbe156ddd9cdaa1a9bf021e00e,691d75928efd2c5dd34b678f19783c28,54430,"jaboatao dos guararapes",PE
1004c05877ddf8196ad1341ca602e628,6ad430c5fac5e72b42f74af4ad7e98f3,5451,"sao paulo",SP
65c9fdf79fdf0d4b98902fbf9617c171,28da048f094c0c9cbbc5412bcf41b6b0,29395,ibatiba,ES
7602193faf4a04077a96dbc64e25e571,2c4f12ef543ba44eead3e3a43c229c11,13188,hortolandia,SP
84872d1894135d15c4e51ba68ba3e8fb,3e8f3e58aafa9bb38d7b2ace611ff6af,2376,"sao paulo",SP
4ad966e1eefc576c04159e46a8e38b20,b73b575cfe44692948a64dbdd55703f2,6719,cotia,SP
94cce5d77423fc7926d3af0d01f379ef,dc77e5e1396c807043f506f794d8fd1e,27915,macae,RJ
936c4a5189882afd96a500e9650c7222,ec6a3d80eab7e27f7ee8efeb6839eee9,89868,saudades,SC
b99054fd23768e0fc903c0eab8a83442,bbbea7f167264b7236e4459dcb0a8838,22220,"rio de janeiro",RJ
411373e81bbd24b0356ca1274e9c03fe,c555d42202667b1e09e50e7667b6a663,68908,macapa,AP
30e8a49cee668a4435b2f91cc77c9d15,000ec5bff359e1c0ad76a81a45cb598f,18160,"salto de pirapora",SP
ce330ffe33e3f344ad5a80b8410c1ced,4df9aee56fa602c72756abb22ee60b17,6764,"taboao da serra",SP
e48f50d453ada5bceb41e239a2dc2065,9d85c39a38a86ed13978803d7560c612,75570,"bom jesus",GO
2c7fd840b20f1551c8a151f86349f19a,4c592d97ec529a019883285afe424187,95124,"caxias do sul",RS
2e2aceda14bf519194b25f568876ab3d,ef2994ab5e93b358146005d4d3db4880,38415,uberlandia,MG
6b4a545e81c747a0f12ec50d9f725d63,533959cf0ee1554e269d8cc79f12a7d1,18900,"santa cruz do rio pardo",SP
f037c0f3d62d2c77533386a9b4e32883,3cf7c427d21f1f414a8bfceac52e4c58,9950,diadema,SP
b6349bdae88bc7c85c4aeb0cb604dac8,b5d37c728f9ea12eae24f87212cf90fa,45320,"santa ines",BA
55dbeedb7b2bf8d3059f319abe27202f,e44a59cd3178714eaf095face6112af5,23075,"rio de janeiro",RJ
4b003ee1eabaffe8ff8e6d75394a9b42,941590fb8aef66b3a8352fe7c691879e,48700,serrinha,BA
00a39528c677a55852f57235f988b837,9f67d6145893e41e7ada2e646b84f658,18112,votorantim,SP
265655cf1f2dfd4fc630004d1fe5f3cb,fc0a9229ea43fea6c9f9d79c06761a1e,13185,hortolandia,SP
e0ac2a4e5a234620bfcaef3796384831,14e66b7268fef09f5183f5e3a84cdd91,27580,itatiaia,RJ
05075b9433e8f047f3ba7a5ada189809,212c759d8c4f2d4d9d6fd4c7de0afbb3,25245,"duque de caxias",RJ
d6b41b191f1f643ff583898156e049cf,3a62a4803c77457a96c996a9db36a662,28375,varre-sai,RJ
d3ab15f0bd2c58865d566ab645572cd5,9ccfff93c79f3dd996cce15f26480c5b,21615,"rio de janeiro",RJ
6b53c8e698ffdea3353ba3339aacfa95,184ff574579b06c07152f2ba4ae74106,95095,"caxias do sul",RS
1681471e9172d7e12ba08e9ac9e8628b,84032c13e75382a35c99ae73156b30b9,20250,"rio de janeiro",RJ
67a28655b804d6a418964f3dd4e214bc,d10582c312d1c3a03ed8ea136273c54d,29101,"vila velha",ES
ccb8e120e8af0bbf5a1daa2f21984d7b,97dc91f9e896442f6ac9650bb2a9b594,13053,campinas,SP
ee639599beb251bdf7ac32b18eafcfaa,5aa54d66adf169b992129dd4456b048a,23860,mangaratiba,RJ
01509d555b8b6775f5847912d8c52d46,cb296f03ccd21cfcb3ba0778c4f3b7d9,12942,atibaia,SP
32ef00faaec28f844c83dd9856d67177,803c9b252709beca97a308a9197371ff,5450,"sao paulo",SP
031cd5f826be3d804771e3e3a1b21a1c,717aa48025662fcf27ddebbecc5f782b,41706,salvador,BA
0e19f44898c5554faac8f95f1473bb4b,d197a184e01ac46e6cb6596185bd4db0,57046,maceio,AL
db2da0a7e8fe9eff4dca9a362ce81f2d,75d62b9a2050292984f91605099ca0c6,91350,"porto alegre",RS
9559221419cf73261de39b024545b1b3,9aff27e32725e7f7c395e0a79a5d173d,22620,"rio de janeiro",RJ
e06e47b5560e84764eff2349b2b33f31,b6cdccfa64579c957a905fe68bd435c3,16204,birigui,SP
b9885472fa562ddc1cb5333a42b654fc,2767ebe1fedf70562aa588a37a23080a,14401,franca,SP
ac0e954e97b91701a093a47c675c5700,05c567475380140907b9ca53ba1dcfeb,25675,petropolis,RJ
70ea60b3eebc4ffc330e070df05f0e00,2c77113623e849d30d75a10480b57108,24220,niteroi,RJ
75e645f4c54045f7a8d2c28dd10eb587,0ec8a2bcaa8e0b1ca282f7baf9d89513,90240,"porto alegre",RS
6f7e4eda4a91a18114c7ae6458f4068b,1b8b8c36e0ae8744756d6db86ebca373,13520,"sao pedro",SP
3714eb406c7704a920e504085717ea5b,56d30b9f16c42d707d89967161296a04,84200,jaguariaiva,PR
79adcf02229a33e78f0f5412a2434f53,8c8fccc50566baaed602e3775d9d5665,21515,"rio de janeiro",RJ
e3c7e245a96d7fa339fe6c16f8da4e90,79051ee5ee98c4bd6982e67e2e79dbcb,7847,"franco da rocha",SP
dd7eb6ecd787c07ef08423cf05c6e56b,52b0e4c820d4bf6ff9b2f4ca48514319,3609,"sao paulo",SP
895f2539c30e6bac09c33029e98cfbbd,5bd72a5ba72683010f8385cff8bb92fd,72220,brasilia,DF
1b4ff42fd8acd3dc49e2a137021b3524,39e2788db03e5eaeb2935a7e479682c6,12280,cacapava,SP
360469aa13eab175485990e06ee97896,99e36749c5c84dc56b13138caac13b55,13212,jundiai,SP
c45b7286a9a5cdce0152978d9f615be6,9a855ffadc7ac38bd30515d077c31fbb,41480,salvador,BA
f4a9f3a779e9783f7c992f5723bbe3d3,09d4fed6320030973607491be508c075,12420,pindamonhangaba,SP
cad72c6ad6d5b6d95ce0056e1e7948a8,20bb1d9431264f331e47b2da94991eaf,84500,irati,PR
c8b401513911c82f3cb4e40dc26cfc64,2274251ce58a8304f8e9b8380db47018,18380,ribeira,SP
8c4a94e823813e9e03460f5f42ce4fe8,be4656d02bf1e9d6663764ac9c7909ef,35160,ipatinga,MG
4c9c41a8c1965305e2e1978666bd6d09,801b53359d2880a9bff63574103fb74c,4455,"sao paulo",SP
2b3d8be4fa506df40afbeba026df7e70,9cea402fce863ec4bee5af27306e213d,36200,barbacena,MG
09f548315be5f30a9610b83ad933aaf1,c1c2fffe3d49911803df2e157bee7aa0,55700,limoeiro,PE
4308615296cf4ca17defd8b0d59287d8,a99021699fda65c2b84a3fb596a4c32b,76974,"espigao do oeste",RO
e4f5e592e5ed9f4ee608a09ae76ea443,55d8e264560be17cdd7eb91a613d887a,26155,"belford roxo",RJ
fd2767fd04a34f7fe8b2ebb51f86c535,8c2a5c47e0c02478c440038904724cd5,12215,"sao jose dos campos",SP
91ef77a365c213f04954c1527081b016,0d8f0706c0d71cb8f6d957dad3023fc2,70770,brasilia,DF
101a5d44d7659f8b2ec49d385d80a1ed,29ea68ebb3474676eee3322428dcb0af,35171,"coronel fabriciano",MG
462903f7a882d16b16e174dfec5aece4,23c130edd9a7adeb635bb365f7478154,9960,diadema,SP
5b7ad66e4a9c19ef5ddceae95d05e46e,b0b18bfffa6a1fb823a25a9167e6877c,72331,brasilia,DF
71e31bd9c37b8a1cacc557b87b3e50cb,323630f1bddac4dc06bf3bdeb90dbe36,72225,brasilia,DF
6b6239435ae315b60fbe14d91fd760ce,b621cb89890e2b002aada225e7c5eaf5,11740,itanhaem,SP
7795e422f21ee2057de57ef0212b4d7a,53b5f3ee447865c2de22e4814ef70bbe,74825,goiania,GO
145ed96e22cdb678a8b4107d72fddcc8,c98cc8ac7311ad123e723f5caef4c1e3,14709,bebedouro,SP
7ee0952c8c02af4f93762c21ddb66607,6ec999e67c5e05c33554a4ba2db847bb,13465,americana,SP
a56b03f5e6015f1a502b9810309b98b7,b6cbe1a8674ee23e9fb086e3c61677b8,41308,salvador,BA
3c5a39f999c141a42792a0f2e1c7726d,4d0063e13c579513a5892115c789682a,36500,uba,MG
d5a5dcf7970697c1d38458beb2cb264f,01ecc1f1f21f05d0736c99d92646f132,86700,arapongas,PR
0b83af8e524bbb2aa83ba090f5be21ff,aaf2d0137050d06ef2c8752f35c0d936,13287,vinhedo,SP
b33c387ac5c9922825b25a79b0dc29cf,b5e4462426d75ffafaf0b1a6c912b257,88304,itajai,SC
ee7b0a64a42fd92a3144a38c4f347a9e,bd64e82a5bf0ad0166ad7c72b302bbe4,79823,dourados,MS
bb98e27058a8d72162176e336a2b97a2,22745c06a87ddc1142c22ce98c5bf8d1,17033,bauru,SP
29aec8d00435f9c9bd43485663f7b97a,f96176e892232662d1c1c5896a94e035,14850,pradopolis,SP
a187d29dfe942335287dc88897ed265c,34b0cd95480e55c2a701293a2b9671b3,5171,"sao paulo",SP
47c2b21c22de46f42a427db0ea223499,f054e8c1cbcf5e89ddd9b615c349936b,78325,aripuana,MT
d0615859a639a94c1fe472eba57d4a7c,9072b46e3b68961565477d90b24092e9,12900,"braganca paulista",SP
4fd7abbc9a763b49e2aabd6bef779b59,0bf7dfff65267867de74cb029fdd6a75,4374,"sao paulo",SP
79647ff1cbf238aedace758bd4271aab,b6fda72bacd286a8ac316325ddb5be90,45840,guaratinga,BA
dc68515c1613ad4cb01edf406dd5c179,027ef1dce56b52802c3d35cd5beda928,4190,"sao paulo",SP
37922a02f44c5b80004b14cb9a0becb7,4d0bd25308e9d7d0a301223f3d814f85,79904,"ponta pora",MS
5bfe800011656c0afb81db64519982db,0071f46a072a9ae25bbe4438b15efe9c,16011,aracatuba,SP
7569ea856f1959d0371e70135efb6df7,316d6ccdf24ac783b5e4ccdff8506af9,27265,"volta redonda",RJ
287e3d0a0a8910d94375eb917fce9743,50aef30dabc7aca975dbdec85dcb848f,87025,maringa,PR
b09ff235742f48bfa743f3e9474d36ef,016a5760b723a3a0bcb4b294d4bc6b45,7197,guarulhos,SP
d703cdda08125e2b263b92746af0f23c,4669d94e1e35f2493af76862ff85beba,1527,"sao paulo",SP
d472d9abe6d6bb1ee558dc98a1ea89ea,a1e5fdb1a21a5a35f49da96f780f4229,4845,"sao paulo",SP
872a25f014b99c4c17341cd9ad0d468f,636f22218f8430a8463c5ddc5f68fc62,14802,araraquara,SP
e22da2634721c7cb676fc0a5da6317f3,c2e9a50bcf76b5783bc96f906f95bceb,35367,matipo,MG
37b40b75293bd84e07bde8ad83066841,744fcfb3939c1c57f16cb00f263c3929,24230,niteroi,RJ
545aa46e4e68df2b3b8dcc06f735e179,104ae9a43b6e639f45bd5e3bc19210f3,36205,barbacena,MG
800282b8afaaf9ed8bb6ed9adcf83e61,8e0275b5c7fb6f05e312a1079a674410,91130,"porto alegre",RS
eeee8af1f7b29dbf34d577db1fc973e5,437869c8fa511c68c9e1f61cfc11d30e,95500,"santo antonio da patrulha",RS
dcb6e7bc4e65d815025d0aa14349a4ca,a1864cdd58debf5031958069ee937742,1230,"sao paulo",SP
182087b1558916ad385080c371df4fe9,55caae104bb0aefc6d44031e49373db4,91760,"porto alegre",RS
2bfd566c10ff41c47dc6e2f9dd51b467,31d01917860b026341cdde17c942b59b,27351,"barra mansa",RJ
3aec4688b93d6061ec5061721ad493a7,7b0cae22ae2b6cf88163a50600da4ee2,60181,fortaleza,CE
e13b1d1fab9d212d258c2e6d0f69f6c1,8ee330dd325716db048bf014601e3fa9,39100,diamantina,MG
c0fe0fbc24994167dce810f83cb96890,839bbfd4ff93b592c82a44dcaa9515c3,30330,"belo horizonte",MG
5b5f4957a69d537a2aeadfa7dd2d09d9,bb03ed8d9549898e869f0e6774064096,71505,brasilia,DF
0c5eb0e9e15cf4e836c7188ece714fcc,a20ba663a5abf7b8341d5ba64f23775b,87050,maringa,PR
5ad00fc41f0c73546227681216f7df04,cff4ca65539a18d2726699ecc1ba6aa7,41720,salvador,BA
279a316b31aac761c16483859fa9d33b,7fe108cef30f4cca2f8696a711a07d0b,4003,"sao paulo",SP
60bb8e0e1f7e340af936ec2882d8ae8d,c1a56ed1e45dde68378dcbb50655ea47,27913,macae,RJ
1914576a74b2122c63a456293cf7e52c,8574faf241b0a789d42051aa783d46dd,5792,"sao paulo",SP
3db09129454f368874d3f18bb83c7d64,0f6371fc9c2e78818a6e7aa33022a506,18120,mairinque,SP
be6ad148cd108f6148d20a8ec756fa1c,30e105cba6d3ced811512c8cf4f50a82,31615,"belo horizonte",MG
fa85d6a9093fe47d96171fe07423e12d,13c50fe55067ed2a26e2f85810326e50,85790,"capitao leonidas marques",PR
8094bd1ea8a8453c1855f06552200117,23f014663c70f3a8cf6f1be263c89933,20735,"rio de janeiro",RJ
8a3083e3f5500b50d6f4f3003604df87,ad1ba362b0121447945a47fe07fef188,37950,"sao sebastiao do paraiso",MG
c7e9d64ef2d3e98ad1b5068dbc859934,df3b1140ecb0bddb871f5e70af09ec27,22240,"rio de janeiro",RJ
41882b0f934c20a88f3d44f382d5e376,5e21109503a635f7ad93db18a7ee4a21,25645,petropolis,RJ
e91d6e2c6d965a4d07ff782ce5bde6db,09ec740fbf182446388824c67a5fb78d,2802,"sao paulo",SP
2bb8c7fefc71b1cd9133f15dcf9941ef,d885b619cb2e462ccc493b70faea10c5,4744,"sao paulo",SP
e79ba74d49aad29056945edd15f596ae,4914496b4e80679b99277e6a337715b7,3704,"sao paulo",SP
278003098109cfa2d2625f4772cb2a57,ffd2aa973e106c7d7218a960320420bd,13416,piracicaba,SP
a4a00c41b5e3ed88bf0e0bb96576c2b2,94e89532396b3c02f648b2bc7f93f528,26115,"belford roxo",RJ
8bbcf9a0717a1cb212b45522ef61972c,3078dfe83b099ae6ebe055be3abe0c0d,73035,brasilia,DF
6d63646d305d56dc162e0f5eb7edd697,0fc4c0fc23ef45d16a0f32fbf9ae25cb,74580,goiania,GO
e4d86d1da4dc444b482115d7aeb1cc3f,70e15e657d597f3c096fb696e815018f,97590,"rosario do sul",RS
2b6d4b2b966c8aa7413190f4b5dee130,2ee1f65b4197b8eb29826c06b876ba67,23820,itaguai,RJ
22688fbe08d1209daeabcd6c40590d1e,aec17cb0c9dba3200a2c49c3ef0a07dc,3579,"sao paulo",SP
038d3dd1371d364b6ae8ece9febc397b,18e3d276253780b44b5b7bf83f6785ec,11420,guaruja,SP
ada5afd2b1b1258fd60f507e92a63472,fbd58f38cbd2989e434b148f479534c8,35774,paraopeba,MG
5eef8c5a24bd948fac341c6ebe3ce41e,8ec9e01dc8cbd31897a2f2116c5fbae4,9271,"santo andre",SP
fb04e5eb553d32e040a1a83cf436a65c,35525a882b83a865080254c1812945f9,13041,campinas,SP
ee23d61fedfc4227bb0e188654c28d08,494c6658198b47787205a06421bb9403,1321,"sao paulo",SP
c85bcc5a4c098769d6bbab6b77f61cb8,9065001c21c6240da6fa642651772e60,20240,"rio de janeiro",RJ
0e114b02a45c9876080f3a9a19f51c16,000c8bdb58a29e7115cfc257230fb21b,31555,"belo horizonte",MG
f127cfb44a80615cabe7a815ba206286,9801a2c53e40c68803158742466ad09a,85012,guarapuava,PR
5d1ff54c05c7c5044718b88a49c704b8,06cb9de4265f5e18327a1e4608a1c85c,39885,crisolita,MG
e4f06fec45100ba91af9bc48190aacf0,5988cee3152a64b959afb5a6eeb87a4c,27175,pirai,RJ
efd1a20eb65041a60f9c8c74cb5fc7ba,1c22aaad9006505a301a9d51b64f4c9c,57062,maceio,AL
bb4d5187b89ea6b78cde7926727a3cd0,9164cd45afebaec2d61200f8f51fee45,29903,linhares,ES
4acfe2f36c9f7b470ef68d71dc5b6ebc,2561161bc52cafa1be6e80ed9c92c9ea,17120,agudos,SP
d1d326edcb5fc3e9aadd6e86b7a57910,cad6e6cc5d7a8620efda1f8310fba9d1,2435,"sao paulo",SP
6a6d5c560d1072a67be9ee533125d9ed,02a6a137ef7fe2414c9e14fc4d060790,4116,"sao paulo",SP
03f7c28100418ce57927a01d62a6cdf3,ff80f08b2a6a87e84a28bda4613f99bf,21010,"rio de janeiro",RJ
7e6e52c237a37ca567ec907c3dc6a93f,3b885932732cd5252c8243102ab7fc79,25545,"sao joao de meriti",RJ
e1fb3bd29f0cc22b821938d2853e4cd5,dcdaced133f33e9651ddfe73b2350156,3105,"sao paulo",SP
77069f163bef4933c6efeea244b3f606,99e41e69b60bd63edd83935499523063,21616,"rio de janeiro",RJ
b069a3c6dd74a018f34884bbcd0cf0e2,cbc73c75d15c7292a3defd556c710b2a,88370,navegantes,SC
1ecf434b5a01864957c940be8862e457,196a0e7f3563c9de2605b2a753983846,13641,pirassununga,SP
178706e9cab0f7d13bb90fbf946269c5,07f61caa1c9e850c14e94854cec87545,9686,"sao bernardo do campo",SP
c24638e1ff5efad8e21f689d7a1f0c6d,023f426e28a212b8328b41649a2b1a05,89694,"faxinal dos guedes",SC
620c2e659b5d119813362bfe4bbe8634,23e5f7d84dad8339f627d75ac90e2d43,7251,guarulhos,SP
77992c23eb50255f67fbebe40710ce50,91275e7b1847f102954b73d856b4eee8,71908,brasilia,DF
ecb1725b26e8b8c458181455dfa434ea,b55a113bb84fc10eaf58c6d09ec69794,72300,brasilia,DF
cbafb574da2d33b039f294c188624b6c,e486555873e1947a1de7b1ff1e8c3554,88805,criciuma,SC
f6fb4ed5f9a3a545a5203054679bf2c6,c95ec87a7dc2647f779aed4452ccf819,29830,"nova venecia",ES
94dabe07fc50ed29f94b6ba397201dba,713de21fd33b1ed45f482d7ba22d51e2,99010,"passo fundo",RS
082805d32249e17183cfb56ccb67b5cf,339f6d44a550afdaf2a4a9a29d091d16,2230,"sao paulo",SP
7077cffa9bdf93c44da47143517b6a7b,04b718d93b254329e7dbdbe026e85301,38400,uberlandia,MG
e0f0e573de9eed01f4dbde5f9323c48b,decc46797b7d5c2c0146cc3e93720aaa,6386,carapicuiba,SP
1d331c1175b7c788fdf7b44b6dc26627,b134d1fbe77d00a8e0a4ce9d855ea927,20780,"rio de janeiro",RJ
f7b083bc0eefdf761a28318a9052cf4a,73a0200d198dbc7022fbcb361cbef7f9,38950,ibia,MG
409f91c4538ee2dd4b26280baf0df01a,d8c21a391fae9a2f8f784c3c25ff5f85,74986,"aparecida de goiania",GO
3f5939e06e89efd9e9ca8ef3ab9d68c7,6b7e1090d106aaee31d5ed12d2bbc2af,1310,"sao paulo",SP
0998fbfbcd689d31ddedcb38f3fd8105,a84b054411cab9cef6857aeaa4763426,11045,santos,SP
d0522845f3cd4084a840565ddc78dbab,51c79069e6b841c2dcda39aadd3180cb,36900,manhuacu,MG
3bb847c18bde99f853838a4dce29bf9b,1964f2b215ebb68671d893438e974b0c,13178,sumare,SP
b04d041da05c2704d29c6945333cd08d,627d075513dade14e0fca3b59dae6614,68371,altamira,PA
b83aa8732c6dcaf653e111d52ebc91f1,42d2b957a53f0240c81dee35a2463059,74423,goiania,GO
d6f09cc4465ad621560935110826dcaf,7e5561ad5c5a136c9768371b733462c9,22231,"rio de janeiro",RJ
98b5b8ac8f4775c874fae11ad151713d,4a665a3b72a99832d62015e9721b1cac,88110,"sao jose",SC
1a5e81b2a849e76ca754d36ba90a5264,22ff8c0cd3d7471e6be7c4b5fea955c8,3718,"sao paulo",SP
b08064e24083fee8fbe8797902b07ecd,035f60af6e7d7f78470e9443be08d339,28495,aperibe,RJ
0d084e109d08dc18e40858b407ce7c6b,0b7604941dd811e84ae22ca3b90a49ff,11320,"sao vicente",SP
1a39f03ab9c2ad4470f8c49d97cbd6a5,6f65f19c2dcfcab8b76b2fafb5b840e1,16010,aracatuba,SP
689ebb659ed83d0b534412e001e24611,272d474dde8221c368c57511d9150215,78015,cuiaba,MT
d9b274a5a8887270550e6967327bf40a,fc0a613c6b9b23d3720b4f8878e1210d,92320,canoas,RS
3ba47b09546c2da91ef141efce2d5888,b8c37ee810b38c416022e1c9f51e740c,32140,contagem,MG
8a1131b2781ee44d9a21498ecbaf1d9c,60d23aecbf66b7f5058003a86e89232b,31330,"belo horizonte",MG
cfffbb322333151f8df6398a8c3340db,0dc0731aafd5659410244092b0dc7d65,5093,"sao paulo",SP
01993877990b2565abd4e3d741c45b79,9e6890852705a77f9e1ad72395131f27,30441,"belo horizonte",MG
bcf86029aeed4ed8bac0e16eb14c22f5,7cd7974c9f79f75b77f323878ef87f43,11547,cubatao,SP
536f46cc0f2f2b1e40d056f7998f0254,340152332a04149987a705602615f0d0,87030,maringa,PR
d1a2cddd07d7491bfcc7eee111311462,8f1b15e134107b88557c55167040c6b3,3923,"sao paulo",SP
9c870d10e364de6d2b00edeb0d76127a,4e22af73a91ab5ed077a5f8033ec0f5f,13232,"campo limpo paulista",SP
17e6d37366dc8c8865588b0d1740d606,3c34090736785a45dd8cbf536ad289c4,86181,cambe,PR
13e8265ea7e8a11df7a56799f5806220,d55417a83a73d1702b43988e63f0731a,8576,itaquaquecetuba,SP
2b970cf192278e9812ed80e3db89ac40,7b436cdf595907b9b0b142e8177c0072,9551,"sao caetano do sul",SP
df2939f9c79221e4653ea43744090d21,1a2aee05f48e80d4107ff223a9e4657a,12243,"sao jose dos campos",SP
95aa1acd3c367fcf72a56d106afc9838,34f0b37e89f9ef4768bdd233630f9b62,5894,"sao paulo",SP
fde5bdd75d893cc0e6a3ba63529ca124,7da3054afe371affc14d26cc2cc04358,3574,"sao paulo",SP
1aa414b77e655c44696ea1d3e61d7ec7,cdbeeb59bf23bb27eba2b6a8dd4b9e09,39404,"montes claros",MG
a37646debdb792ee5aaf18cf5da53717,f51f170e51593c5e550ef7ae616f1517,40323,salvador,BA
34d7728944672ccbbe70d07c7e9cb4f2,abbc371b080d0e55bc3f40c244b1172e,30240,"belo horizonte",MG
f9dfd7942a2d7f1588b7638a9bdc8ff1,ebf40c0db4fe06ddd15a7a44238c986e,24240,niteroi,RJ
8cab8120c3ee21c5a4b8b2a189f98310,e8b52a437e134cf2dcb5dbb93b29d0d5,22440,"rio de janeiro",RJ
8ac977b83cae48a1d1216f13b06aaa2c,9c7601f15a64084e0e54df80e188eaad,7020,guarulhos,SP
0bc6abbafdd2f89eb203507e7f1fc11d,15721972ad68d86dbceffb155220c7ad,5596,"sao paulo",SP
405e4bf2d57bb2ce60e05d522d0b0631,196276c2651ca4783688aa741b72d540,35935,"sao goncalo do rio abaixo",MG
6b3bb3efa85c5b14ee91bc7227bdf0c4,3030f6c7798037acd63d5d7e359b3f0b,86600,rolandia,PR
95556f234fd4ad5aa8872f93455430ac,3574bc798156f406b12f377bf3fdd381,37410,"tres coracoes",MG
1667c9660e2d8494588daa01cf9e3f86,760caff27799b863021f2591c828dad7,96570,"cacapava do sul",RS
e5c967fafad127eece965cb53f225d9b,68238c59076a730633bd2e71a08bdf95,2435,"sao paulo",SP
075ad0fda24dab7269482d16b193c87d,483ccebb9c42ae89d35740fadc153835,1424,"sao paulo",SP
eb545dff3d570e77ccfdef726b704622,d7683e45563133abe09d19dcb663200d,1537,"sao paulo",SP
11ba86af0ea78e6db913284c2e9902a8,273fff5a1d5e0ffc35f76b3fe3fb2516,14050,"ribeirao preto",SP
8714d5f59b012655e9adc2f68b69957a,30cdd9eea2b6192b8fa65c9ff5e59acc,24722,"sao goncalo",RJ
3638a3325d0a96fa162961de63103f7b,297fab71cc5569457eceb1d47ef3f497,36680,"sao joao nepomuceno",MG
ffaded93e5a1fce06363cfb6905676a1,587b326ba3bf8aa4d3e50fb1f38ea79f,6722,cotia,SP
3d14c748bab7ae77e8dff7a9efb1bd38,c1c7632732a487b1221e7bfb627c575f,24220,niteroi,RJ
5884301406e14ebe07568ffd26271154,28345e4479fbaa6c278e0f64546ebf96,92035,canoas,RS
0b87eea12c9bc8ae36b6e4c551f4770e,945a0478f858996b861b5c9b1905e56c,22451,"rio de janeiro",RJ
864deba6b142c6d04a53fd379a9256a3,184997aab6012d21021017a525de5206,74160,goiania,GO
629e6c2887881c2b75e18a25d6637754,bab95efa50d554d4dcd26377e1b467ba,13610,leme,SP
9e6a9e9e098c276c25abc2b0274bbfd7,1293c51162aeb8fcc29d498ea820f6b5,13600,araras,SP
401f18788389eeaf3bc1fe8da020fea0,5331278432c1d2f87ce463412a344d1e,13201,jundiai,SP
a9434e011c74b3cfe8649aafc303c441,637c2caca17c2bf9fe41e50a6fcec9ed,55525,cortes,PE
ec641354d60bfb11b2db6e165e36b4dd,e1eb483ba2db6d6845f4b546e32c646c,35164,ipatinga,MG
1ea9656f6bb4ba028d81b90a4e7d1369,ea9412f324bd34513bad100b6b6e8297,3183,"sao paulo",SP
51ce96915c12887208b633982c4d8435,fb1756887ae59c1b0efe8d0544d94815,14051,"ribeirao preto",SP
116e47f49c0558a5e9bb8eb119485e24,cf01f9dc838bee15dc892d87f879fa7d,88351,brusque,SC
522a6e7c1f1f992ac81be6abefa46294,282ebddb3e85120b1652204758fc332b,60055,fortaleza,CE
cdb44232ca3c9151d9d4d20dda6c619f,e5eff1e54c132bef74c934de830a14ae,95780,montenegro,RS
5d26e3331c75b8be22b3c9e169ff0ebf,b68693bf3295ad9e895d2adce45deb7c,76630,itaberai,GO
71908cc6a4d4a63637df967dfbda39fe,6cf79118c9f8d0f9658313a4a6e14ee7,12413,pindamonhangaba,SP
1d35081c83698d93ec64ebe2d6cfec9c,df718da6faedf01091e3a94dd8793ac6,72620,brasilia,DF
e773252cc3222d0c3ae7694b271e2e32,8533fef411165ea5df3fe583670a76cf,14270,"santa rosa de viterbo",SP
9522d39cabd497bd4bc5fb1b226cd5cf,774efd8e5cc822162e0af7311d81f5c1,73780,"agua fria de goias",GO
6e99b4a37b2d5aa40cb85bdfcf9dc0eb,2a914bdfae6c0cc612a51e479acc0128,11065,santos,SP
5b533feffa09f8c775d66d19cd20538b,ad91c910f921bc5d7b7cb140cd0d2c2a,99150,marau,RS
312a3a9546b2ee455c66ff62528eefd4,928abb7e0e74f50a0b0136df20196cd1,35790,curvelo,MG
35b6b3b06cd4b2101cfabfb5429dc028,05105abc98016eb044d450d5e60de1b2,24060,niteroi,RJ
6ca7c0e971c24ce0931f148588ef23ce,f48a9bdc7d38b43bba4082517ea1bc07,36080,"juiz de fora",MG
ed0e1816a16e9dc9276b3b6afc83daab,9d317acb1c32146e752981044c0ea5bd,38408,uberlandia,MG
2122031cd11c82d905572a7958c2a117,4a362420541051d3d4055a777681ccbe,13843,mogi-guacu,SP
4aede30e7fba0851ea1d42c960892843,0e0d3aed77ac2e3746c2ddc3101e3d43,24350,niteroi,RJ
fed6164eb076a32849ac5d4d3cf14480,f0697e6813b23d285c3b3c8c50002fc0,8150,"sao paulo",SP
7d1dd3c96c21c803f7a1a32aa8d9feb9,729e9d3fa93475add3ea25424e83e1ad,2559,"sao paulo",SP
0e772d9e02b17408e716f35cd1dcc222,b09f1bff1aff13c997af071602bc048b,3755,"sao paulo",SP
22ea9677582d0e8c4ceeaa2a306fd486,120f875c7db31f3a391a0feacbe05fa5,1227,"sao paulo",SP
4374a2a34bb261daa66f8c87672c2d54,937f16b584dd395ce455ef468322b27f,30575,"belo horizonte",MG
be5a493a772f5d77e1a9ef3b791176d2,b88274bc5ea463278efaa456c2b8ee73,6286,osasco,SP
0825646a316d8b2bdddea079a5e01fda,be2cff6c84f1683300337ecd499992e0,4001,"sao paulo",SP
277bdf9feec679fbb7319191a4a8daad,92d6a6df2cf2d6e2fa89dc1d28164c98,12503,guaratingueta,SP
ec7bace5c0ee787e5b521382ae27a112,bf8369db656fa05eb3d26a4c74a13a36,9895,"sao bernardo do campo",SP
3d14ef1b615443e8569574ccf4c70ffb,57d2e3a4c3b277bea367027f105f1c02,83209,paranagua,PR
c9d341558d0b897fd4bc48e55f1572bb,86d1b878456bce15bcc9c4848207a785,16403,lins,SP
0ccda8ca5a2e6382c05ca6321324c14b,81332bd0a95775e25469d45e070b8e65,4401,"sao paulo",SP
144d6b2679193370edcdceae5c0a407b,26a2b0baec2ef2e226f1297de4b6a86f,93700,"campo bom",RS
06c760a59b5508e58bb333d3bac7afc9,b7cb5cfc7e208d22aa17ef640f487d7a,14170,sertaozinho,SP
458f0c44547ae6e5a5f5fba63eaf25e0,a6f2e4a9ff6fdb7626039136dee62c4b,2846,"sao paulo",SP
2a5537cca47095c73bb1d6286ee2c543,c42d503ed3de454cd24b5d1508bcf5b2,79640,"tres lagoas",MS
302025f399c7405c509a297b6b9a1e73,7bf1c59401206e31a78523077f3a1144,6765,"taboao da serra",SP
2db53092fc4dd9c063d54cf52c0d68b8,4ebfd10a85099b098816cbbca0604b59,32044,contagem,MG
0b367775717574e7412c7b73c8bde1e9,759d68713a15c3b9a52b377694b94efd,24230,niteroi,RJ
240f2bd361ee42f7570caf78cd615dc3,f6ce59662fa24ba7ccc289430b580a7e,9250,"santo andre",SP
e92c17d70d8258db4b7a90ad4d2b65ea,cc438a8c7120027da70eafaf8c3727f8,4160,"sao paulo",SP
0767440fcb6f6ca85a6d50c8f633ed51,df43e0b1c6f257e124883561c1e53ace,17208,jau,SP
cfde763c6872e69417809fce554046ba,3fdc39171d444e1a1cd4da98ac2e4adb,81250,curitiba,PR
a9d80d8258270aa25541958f8c3904f8,239eca76b80e32a2d564284842d7ba44,95780,montenegro,RS
1a8f3e93337a4cada74b085711912682,52b8fc428690f8974a3d3ff3a162f7b7,88106,"sao jose",SC
2fc226fece39c0126543c387768ad5ac,9a8809085c8feb9360f282fba0a6d87e,78307,"campos de julio",MT
a1674724305cdde2e900f8f50583f764,dd8c586651f9232e473ad86cf89c143f,28999,saquarema,RJ
cf72b318eb9cd0e7712a2c1bca227789,d647ac91ff870deee189d7cd0cbf2380,9530,"sao caetano do sul",SP
d8c7a6e8f9e10ebb4c1fd2d31ffd485b,8fd232dc0c1648e549e2811728f6076d,13160,"artur nogueira",SP
c5d2a092d72c266cc8edae2b5a295c38,8f74bd69c228697504acd82dc22ed019,48950,uaua,BA
fc570b6557c9a63780acb28007d313f0,4274c9d2313a7fbac9703456d8a788f3,4342,"sao paulo",SP
eb9f43bc3cb1915ba52ea755eddad3d4,c45221bb4573f66bdd4daf43fe2d4b3b,6624,jandira,SP
cba7df91cfb5b29a0e92be5fb93b5e55,14debbd298c3b01daa32cef625668068,30431,"belo horizonte",MG
b7099c2fea8e4284d4e9c6250c9a135c,a54de86aa4370cc93031bb4e99d436b0,4182,"sao paulo",SP
dc6a402859b4fb7904e71890a530c63e,f5859580b427853d3230f857fd8c1439,4862,"sao paulo",SP
f3bb4ca2244dc44f761b7becf03acebb,de038e601db2bbdb12a1ab691a58f7e2,13275,valinhos,SP
60c9723c5d232b784f10940175deb500,6b3b92110c5adfe4a1334369d1ef2533,89705,concordia,SC
31b01af8b3ff7669130c48d6314da52b,1130878bf821f0b682431f513494c5f4,28625,"nova friburgo",RJ
aeca4ed7648c403088113efb0e5a2ba1,d6735445f2f7ba25a4c7fe937c24bf70,18051,sorocaba,SP
32a49c42e4bc78e6453e53c6719f6196,26c62200e28fe391637570bea7abd9c5,20550,"rio de janeiro",RJ
39592999581de2960ceaab403add3205,3d7fb21a86fa49b9dce2ac0814d6dc22,35430,"ponte nova",MG
b860c4870687dee372f5b3e15d25766f,1c3e4aa255e596013fc2b6dffc8041bd,89245,araquari,SC
7d81b5f1ff0e0a22a9496943f1df6cbd,2aa9325eab1676f4d62830f004d67a34,12233,"sao jose dos campos",SP
d6d14552ae24882f995122185c4c9b1b,f1acc2f42f829576480ec437ff5e236e,36881,muriae,MG
91f7ba105111f895086a17fe5417431c,ba58671cbf108397a73d8b85e57a4869,2302,"sao paulo",SP
ff00a7bfd5542ba2d44181eaf5485722,94b39aa1097125d918d16bbe14331074,6455,barueri,SP
a3d6e70f3986099ed45ef4b3ac960019,81814a8a85ef3b0cace32bf039a7a31c,9061,"santo andre",SP
5a3bc3042d393b11573b5ef67e6f9a0e,30a8328a39c99665deea9fe8954e8339,88372,navegantes,SC
421816b9aae0de4a978a9b3005e5127c,17d7f3a57687a59fdf418ccc22adc301,34004,"nova lima",MG
333062649ca3fb7c4f05d89806c0ab4c,87a2388f0ca83070c02e32cde2e18fa8,75400,inhumas,GO
595cf86a8e2928ebab3f60b9161fca89,cff66352965782fb7a921a07600f271f,28250,italva,RJ
854f983619b24efc2aa702bd11f207c9,71200e5ed443c22e1df3cfe1e053c07c,2082,"sao paulo",SP
13b7ad9037c0906ddddf4671337aacfb,312f3a7159f8ae9a13199d7fbc53d1c7,25802,"tres rios",RJ
b7e5bee0c729f6d947ea3b7c6cd7ef0b,536dfadbe03a1508f0300502ddb0545f,26185,"belford roxo",RJ
50bf56304211dfe00c06f3eef86f49fa,341239d242c4e123125d42e14b7132b6,97030,"santa maria",RS
508c98640dab1de30b6663686fac065c,663a02b5b809485e2e0a1db9a6003146,45585,itagiba,BA
2173c184771a8a19f6fc87d8b3dea9e0,5e65571d0f33dc17c099484ae3f25a4a,88054,florianopolis,SC
a4f866fffea84c408569acad1def536b,4cc24e44f98ce556d647948ae2d27cc9,4717,"sao paulo",SP
6e353700bc7bcdf6ebc15d6de16d7002,7febafa06d9d8f232a900a2937f04338,38600,paracatu,MG
6d699e3ab0fd90fffb3d1379d937de77,0b3dc7efaafb0cf78a4796d42fa8d74c,22410,"rio de janeiro",RJ
8fb95d3058d1550dbae71bb2098ea0ed,e5d46317b6efaf96ecc28f78ac4ba3bc,82310,curitiba,PR
23451e6d4d21c9cdcfa7677e95ac53d8,95b4b60a728bff942c8bd59a43effa33,22753,"rio de janeiro",RJ
e0c77096ebcb9aedc1c613ac43e0ccfc,c7a2cdaf9d8bf3ad353e055e39024bfd,89825,xaxim,SC
917cbf45438cc596762f48ca009bbcff,23d79f5efab47bee80aee4e351829b74,20540,"rio de janeiro",RJ
6f5499775cd1db11fedb4da2ba0fee19,029800f459300049c50c59dcc4244e44,9250,"santo andre",SP
06bf021cebd25d2cfceae152a5956e04,97d007095d1f9c6c5dbb15c3c1aecf5d,85301,"laranjeiras do sul",PR
befe184e4eb181470e6063a1a368a093,6ac6902b78ed854e42f75c8e25234e8c,4704,"sao paulo",SP
07cbe547b6dec2535abda65b57733754,53ce59821e6c5041654f61c58e99bcc2,8080,"sao paulo",SP
273a046207e0ef2179645ef8ef4892b8,67fcfe4915b93624867d350b8191ff7b,62740,itapiuna,CE
48ed31e735f1c420ed6ca3637b7c744d,55a269f324455e78349e7b9b7e7e5911,8072,"sao paulo",SP
0eed1698388ba8c1fe0efa37ba6f269d,e145a017a309c275c23443e1240c7547,7143,guarulhos,SP
5cb2307ae35b44c9dd90f76c649b99b5,9d86d7101600d743968f3ec5a17d577c,13050,campinas,SP
9cec617fc8c3c3bce39b8133c29efad9,fa2f184ba76dabae9b5cd4c5f711b228,52120,recife,PE
00bb2dd15521a8a428bb530b4cabb403,0cbd5dfde4c06bbe2960d2c0c95e5e7d,14055,"ribeirao preto",SP
c09a03c98715b144a33f291d19c17741,af4a4064051073083caa2b1d8e2e6ced,35500,divinopolis,MG
07cbe02494c601060a293c344a4e4fcf,9ccbb5f759db041b2db8359d71c0547f,4772,"sao paulo",SP
93bc0b64da3fd759da11c9a5baa501e9,dc7993c491aef54414c4ff0a5be472ab,13403,piracicaba,SP
5fdc897ca5f1dfbeecfb4f55ceccd011,fa2b68fd80b323901db1473bb98ad68f,73808,formosa,GO
2ad0fa5dbcc34ae3e276ceb5eeb3fd33,eb3c04f545e10b9e1c89a7db0051a334,24220,niteroi,RJ
02f615f19af07c54a0d4653308f6674b,661bcc412eb64f26a12a5c0c46cbb449,88058,florianopolis,SC
3f3a10ec410c8efb0ca799fa7705d07e,8b28d6ec6f6a9124310e82e5a55f35de,35430,"ponte nova",MG
473e95fa97e4514de9a2fe364bf4680f,ee301c76bd2b939da9740c6f5eb280c6,24315,niteroi,RJ
dd925b2d7036191dddf80b8d2ad36162,6cc5f19513662ec401e8ebbbe399ed06,13400,piracicaba,SP
65f66bced8bf7a1879abfeef1efd54e7,8f601c7d9263ca954656792b02517b3b,79130,"rio brilhante",MS
c6f9b478f1fd8409f4220e7c2a0b35f0,42b73a45a3b9a668a96d93f02bc62144,2365,"sao paulo",SP
2894d1f67d717f4ed8bde367b17e0005,fb0a15a8972216e692289f886fbe75e1,3562,"sao paulo",SP
46d2e019708c24dcdd7876d13010570b,912a41ed4b2200e0ac7b5ea1ef1c433b,4571,"sao paulo",SP
8d13b315c8e8e3d9011c9e9267cb8a70,63df651d5e8adb6a0e4baeb66a0eea37,16202,birigui,SP
80b2dd0afbb9c18f5cce702acc2947b9,113a92a64bcdd41586ca217144478362,93900,ivoti,RS
f9cebccb059f0b4d65601c2a6cf4ef82,0fa3dfc9b8012e55a6e11db4d8a82c4b,41820,salvador,BA
ea8c40305a2e6dfa376b4a22ae8f9f6e,ea59601b04db675d7d502dd6a8bf0ae2,48903,juazeiro,BA
a96f1353d402e430810a0e6242a36083,379634bbb8d01b2b2c91db9cfc4655e0,84025,"ponta grossa",PR
891deeb7a50f52a5a2a5970152b3864e,b171945c68776b1434cf56b06c6e41a5,29830,"nova venecia",ES
f9498c1d633509de995d09aeee4f67c9,374026021639ada6e97c12b31a997a64,58407,"campina grande",PB
ad21255ff9650ff11d50513eff3eed15,005226be8d5b972d0f72b4e8a79f322b,22280,"rio de janeiro",RJ
a86314eff3e69dc24f43d56010778157,c29bc878f4400d62f9d33ddd8d13236b,6140,osasco,SP
ce303f783b5f596243cf7100d6b848a6,8961b4ca2c5aceb7a78ea72c6e0c840a,6056,osasco,SP
e811ef51626307094e57cf8d443dd4fb,5a6012519d0cf9a2103bd2170a81b833,18110,votorantim,SP
5bc405425b97198b8eb4ac336d490ebd,32fb60e2ce6a1f62eeccbc2d33046072,4561,"sao paulo",SP
4fcb81008b393431f4da5ee341b186bf,3fc63a1cff1beeaf62fff26f695de143,9321,maua,SP
6a838ac68f33f20d8149fde39fe6f294,ecfeb27fe4efa25d282d1c252e203fee,56000,salgueiro,PE
eaaf5c1a77ed8abe964046535ec9f4de,7247db1739364b45ac4fcd830ffeabab,12246,"sao jose dos campos",SP
9607a8fb005a71d577150fdfef27ca41,1145616de76e14f4e7fd5452c2be149c,20011,"rio de janeiro",RJ
1268526bf0726490d03a27535d35b390,0881442e3b9a9a2e65938b30e0598eb0,12604,lorena,SP
aec8714e858d57cbd3ce1be905ec2477,8d9399ba84c5c3b8d7952f8700845209,3546,"sao paulo",SP
a842a362a7fd195daa06e2d9ba915df8,40c4c308279011b2e5b85c75579f415d,24750,"sao goncalo",RJ
e1c0318960b73aa3bd90b9500f7ba6fc,0d4393a1abe4dca62098942cc50ba744,11432,guaruja,SP
9edeb727de2970d9bda3186ff2300fa5,35e8b4c2a64acb75f3bf063d82a8478b,26083,"nova iguacu",RJ
41b200d1ce8675f154c91c2da887bcee,9b05b38d7d9ef19a89815c217b30fd37,2114,"sao paulo",SP
5e1ecc3b5555b47d25e18d3344669ca9,0890bfbe7e7ce34f5ead1f48e41e5772,60834,fortaleza,CE
9ed93ef87e36da017477c052dad73c59,cc117a146f6e56e036afcedbd420c0e6,85910,toledo,PR
c1a1def640f9f4a3b89c915eeeea42f7,860251114960c25499acca49949b1f12,24360,niteroi,RJ
312717df001c44ebdb42e350eb3d20b9,08b4c336c9d41a15dfd9259c6ad8c93c,28943,"sao pedro da aldeia",RJ
f0eccf2fbfbabd057700f535e10d1493,6995203f8a5ddbd2fad3a9df1e099a51,81670,curitiba,PR
43d41bd3cc4f7b5cfb987d9d662c18c0,756ac4f4c1bfd6e7c652e37e33254dbc,9861,"sao bernardo do campo",SP
3810ae52bde69bed0acd162b5c18aadb,0beec065ce2d16d3a8dbb22b87cf4c43,22631,"rio de janeiro",RJ
b550b22f8a92af4e89c41f27b2330b48,037a72c77c3565c6e41ac0607c797b08,22783,"rio de janeiro",RJ
41ce2a54c0b03bf3443c3d931a367089,3a653a41f6f9fc3d2a113cf8398680e8,75265,vianopolis,GO
c4a111edfb69bcf3c00710ccfd23575c,c9c0c82af514e815fa47534f71113ebe,57311,arapiraca,AL
8118922685d2e2c0205f060be4f2579c,d0e87d00021530383c16452a39a393ba,45810,"porto seguro",BA
b5b0ed31ff924e46f8566027d9d2d62f,b2664990a1ac9e250d98ff5c615c3276,27251,"volta redonda",RJ
ba6845ad2c65cc4403e9df8f292d5d36,0e58d0234d25ec72a22396e55e223959,1536,"sao paulo",SP
079da973ecd0fb654da4ffdb946c9ea1,527c6fbbe85cdf78ff1645e0a71e266f,1455,"sao paulo",SP
7eab558047c9de47137ad379d5daa36b,2cc0f5affc2ccbdacbbc6c5e88f5f059,81540,curitiba,PR
73b78086ff774603121ae9c25de7056c,89e3027de49c3012858cfeb7f5a34f59,24724,"sao goncalo",RJ
05425c98e35d762211742df2a2b30af0,87a7c3090f96d9da963125a0d7f8193a,6114,osasco,SP
de27e7ae8adefd14b55e07db50c5c037,a50381d8ac7b457ced2071af9ef0caed,1224,"sao paulo",SP
0ebcaedcc19c16f38153ce813742e545,1a39704fa1459528597c7e52f99e39d4,26265,"nova iguacu",RJ
841a10b36f795c595b69ae09ee5b34b8,51123d30e274aeedc27ae7f4d1abed14,6454,barueri,SP
add018da2166a6af8cb006fc6d79a819,3c631f7224998f22c0fa884a2e04e39c,76875,ariquemes,RO
6e067aaac313f893bd40273d8d75027f,f9ac86b4993a6e2a48758cb47d808712,89150,"presidente getulio",SC
e3b0b1f2ba0407dc084bffc65ca80479,9af871b776e8c4ce28cc3a468ec98de9,72548,brasilia,DF
a8f872fdfb3b8e0f840f4224b38bdab2,b8c927d19fa13d8669e620e03902bf68,31872,"belo horizonte",MG
53f05b7e71451b8e943a7394f5d3edb4,b99ad02f5d0dce8edaed40e36fd4d71e,22440,"rio de janeiro",RJ
151260cb5d9b3c220d0af50c81c329a9,3420ecc1371e17140c73a1dd148b7390,88052,florianopolis,SC
3d5688f7c319b63b11b8d1c8dc5e6abe,f102240598836332442c455abbcecfbc,83880,"rio negro",PR
3ec01ba0003c6a5bdea2b11f450c05dd,1aecc1804f168ed275ad536517843133,32260,contagem,MG
e608c716333c772e7174a92759e01e7b,b9fe8c4b5fbad9389aa5f425561a2786,95050,"caxias do sul",RS
8acb24dc82680660e0270890fd0b5a0b,3f43c86453d02badf9c09a8149b620d3,91370,"porto alegre",RS
fdacde7b057f261f8f39ef2cf078df68,dd1c379f2ec5f2fcadad957937de8d1c,60135,fortaleza,CE
8dca32263f9981caeed36ea29320bbda,dbfd0ee98fac0d9b4f109a2aaed48093,20270,"rio de janeiro",RJ
23a013f994d227fe094eb1d379891c58,05d814587e80f2e2846c144d4fb511bc,97110,"santa maria",RS
c64c7fed4cc7e3fa5557d8fc6f9625d9,d5b838b5c341f1957cea18610d054ac6,21810,"rio de janeiro",RJ
7b433ce132416a12007e29dcb1a01ce9,b0d033df9e6ba67e76b3cd09ea92d506,4649,"sao paulo",SP
1574c920aca2273ed1f13f060bb93e19,0ee46c6eaf5a0a46aecad04306ae65e2,17209,jau,SP
d752eeb06a08c63e9e3ddf157415a78e,e84b5b350485f100868b2f719f2d9158,51021,recife,PE
21ff3e20f59960be865825e412190684,9e1a43ff4b344d86253ffc4afe5fb870,23059,"rio de janeiro",RJ
4cd274ce8ba240b1cff6480fa9911df1,01daeb09de8f07882ccd4319ffbc4693,9415,"ribeirao pires",SP
256af5f66a15afc03fb926c9bba1a671,4cbdc0f2029c78a012c400623a82e55f,55565,"sao jose da coroa grande",PE
c4357c0fbb69c53822f3690047baa057,397cc6f362ce814681a6d95e3b9cde2c,22631,"rio de janeiro",RJ
891df15998426e9d609b7f363a555ce4,4dbc9e60ee79f8547f8a3fe7f3d02fd1,29820,"agua doce do norte",ES
9fda2760c2553bd90eae1b616776cb44,c3ae72f7fe12701be16e17345697d359,9850,"sao bernardo do campo",SP
282c2609c98cc89cc5ca74f59de5632a,0f13e3bb90bbd8912d57145479ce4839,75083,anapolis,GO
c7a3d38f91df1c3b930e3c8ac667868c,223ab530d4126650969ce8bc7370a21b,16700,guararapes,SP
f167fa9affafb87b17bfe226d61fec0d,1b18bc689cd5f83c4c9e84c5150a07fe,25650,petropolis,RJ
0a2883594e4e7a4a978b205dd7bcf909,f25f4335773e57531fab383b2a86d978,3122,"sao paulo",SP
07ae5e78d3f125fb413ccd2e37b7206c,77f990b8b2cae027e436e8b74a1e7d68,8671,suzano,SP
be4ff2f8c48c87270bf96c870b2f7a23,5b424d5287408acfeb03ad7fed722545,95170,farroupilha,RS
ad417eed258291b622014bf443a0633b,a7b3ee56a66877702d89d6e6d8ecfa59,9361,maua,SP
54b8ae0fe680461a352482374a55671c,ed5b0d9aa093cc966424056ec8c10c4c,23076,"rio de janeiro",RJ
1f643377fc027364be3ffbc29cd8e109,b310264264a53605778ac08833bd5514,12281,cacapava,SP
110b52a6ad38588a501ea02fc1156d69,a2c403630a8ed427bb5d0b3d0f170f68,39900,almenara,MG
b8be9aabc886bf52d9361784b379ea49,7649b15c0f9e10a06fd969de050553bf,28893,"rio das ostras",RJ
59114bde7ce6b9fd6ed88bb8dc422d46,c4727b31f6dae15654a8a097c91abe75,94080,gravatai,RS
24867a30fb114e68f333a0645f923497,2ca8ef8560c5cd0f9ddb65d1b1b51380,51030,recife,PE
5e47f0b16c49d0a6b4fe98c879bd5f3a,08995ff3d56d1423655c3b21cebe06bd,46100,brumado,BA
f280548eca7d2b0ef9da3fc572df42ce,a62f1ea95f3b1031c7cabb98f147aa27,5577,"sao paulo",SP
efbf2ed09046e731a78937eff84b3c04,470a8f2e1dc7b277e4625f23039c6f84,30380,"belo horizonte",MG
89b1996b0591126bf4b91eca215d6e67,996d5fb8a5736b0fea622c72fc1026c7,8235,"sao paulo",SP
eae3c8b4b40e257c3e135d4c85a2e8b3,f393ee789889eff3f65907da221fa79c,22755,"rio de janeiro",RJ
12535a12a38599a1966032a195704ce0,fd44c522241326d803458027362ebca9,28051,"campos dos goytacazes",RJ
72a483bdbb579a8b5c64ccf2dad900f8,4dbafcb931c678dd5ba9a20ed4f01f7f,17512,marilia,SP
d49cbdbee1c22fbbc2ac603f3c4f17fb,4c9f7850ecd8952525191c444fe9079a,35900,itabira,MG
c0a1f831e9bc121e3d53685f89955059,296d0b2c6acccdf4d6727b20e1f9f4a2,18070,sorocaba,SP
a7a72fdf8bebfecc166fa99ad92069a7,76464fcf73d60dc8e2166448bd23a1bb,23040,"rio de janeiro",RJ
55d8e8aba4258ddc9839acd2c718b886,2d4df3b94e4c56fb47d7fc7ec065a612,4617,"sao paulo",SP
ecd0cc4b88a538583a63d8bfa1d17a74,3f31485edb88c756d5163cdcea80d7ed,78540,claudia,MT
d494b02fb3835e2d398d44ea7f275bce,e1a5b21153987479299c92d5c8b1ee1a,88045,florianopolis,SC
8a83cd2272d6fb105959b4385ff872ec,6bb68e803ab5d836c7bdb0c3d3281953,21240,"rio de janeiro",RJ
cb8adca2a68ffd5c23a6740bccf56ee7,324b9a2e37fc2ab928a842b9429c46ea,7072,guarulhos,SP
a666bb7a77916be2716fa1420c73c56f,4e65032f1f574189fb793bac5a867bbc,9531,"sao caetano do sul",SP
03f2fce950d12e18b97760794a8d8994,9749fdb8ed91500eced9e9af5ccdb0e0,30881,"belo horizonte",MG
e012ec724eb09748bfe4dc58facabfff,5ade76c1b8598f4752607e46984950d5,22780,"rio de janeiro",RJ
f74bef75a01750b1517011b59eb1c000,0062adafa3846d9f372d8f1bde591b24,2452,"sao paulo",SP
a8d7167182ac070d269d752eb692b1db,fe78f9a2d0726d03ff9fc4307d3fa5df,35660,"para de minas",MG
02cb3b6962a2d852ff7beaf4e303c71e,8dfbc9064378d19ac99a21ac353072d7,24240,niteroi,RJ
243ec46b2d1ede1c56821491f256d7c7,ebec19ef82a1e635967cd50a037d41d7,14530,miguelopolis,SP
cbb626598bec148e34d513bae9280e8e,1c68b10c39678b2f8a7354ae67c44ef3,14745,"terra roxa",SP
9cf795ff93fd465c917a295a67712ea6,1bb02eb35385950b5dace2632164426c,13140,paulinia,SP
52bd992e7e198bdcdd18854c7c2c1667,78c5f76b60a3a2588635aadc70e34df7,38442,araguari,MG
f17604f3f89e57c7ed3df37759b9c8ff,77a63731fc358f68a5ce26211fc340a8,32145,contagem,MG
b8e0b0edff2de6181d492311d927769e,af4d3cd0b29b208c971ff6ad78b41b79,22775,"rio de janeiro",RJ
d4e2b78958020f76ccb03034b94b1a43,99172dcdec60d7c00f2f6cedcdab4c3e,12288,cacapava,SP
fd5c9b3e358a87a8fb22ea9a996949f4,3654085ce61efbb9a73d03c7d94a46b4,88505,lages,SC
85968af43705828acf7ef9fc0a61d1b3,2b1ff9585b05c73232a93e5440697094,72210,brasilia,DF
3d4468ce8d2cbae5ded23093c9e039e2,bdf7458b78fc3a9cc62e71cb779d0452,23090,"rio de janeiro",RJ
37b1fe42b5b139ba20bb3e514809ff6c,acd9aa54ba1fb6d537ea8bb1bd65eed2,6824,"embu das artes",SP
300d32359978b9dc15b9f3b3e469536d,04a710ba27c70647fb2a4ffc6fe48e43,28997,saquarema,RJ
3a32a08e045323a9e98da11f43951b90,6e74a070e214eca4da1af1d8c10e0b98,21550,"rio de janeiro",RJ
307329610b09cf8c45bec0d871eb1ec8,6c3974f2a296fbcb0aa071279dbf6f24,13482,limeira,SP
4b4773853bbbc435ddddd51bd6c6a002,f94d7c267f1bb6956a0c6c6fef65da8b,92425,canoas,RS
c0f3b6a49e1ca142c8ce84a423f4ba72,42398dee8f2098eec5579129cc1a6f5e,3805,"sao paulo",SP
8bd9274e690e57552c0516b0d323af7d,d36fc675519adcbd1e824cabc25bda07,15010,"sao jose do rio preto",SP
0424e2f81bdfb77d7c11c3f447c7b241,bb6ffa5f9b68665f0cb238ea298092a3,12081,taubate,SP
ed421f2bf6c0ea955e4ac8a5fe646b94,fffbf87b7a1a6fa8b03f081c5f51a201,60055,fortaleza,CE
4b8a694f92f4bc42833eccf7d1be0502,f2b73529bb775e473cdeb67d991cc985,15775,"santa fe do sul",SP
dacd86bc006c12e3eb2a55020cb8dc7a,0d086121374abc7682c5ec5bc50373b6,7700,caieiras,SP
2f74942064f74e8ca891d7db50ff815b,61b1cf555fffb6c8845d81e8aa44f7e5,3575,"sao paulo",SP
5e7aa73120cbc53fa49f21b2179ac0d7,cd8738980c3332339baf3e92dd5cb071,23810,itaguai,RJ
6586420cfcd5cde6e764b531b51063f2,a3bf83b50f90eb382d63942a93addf69,36800,carangola,MG
d5e9eb9208e37c9f39e6f19c0941b675,79066fb583868e4fdd17fc83a96db5e8,39648,"chapada do norte",MG
099786bcc7ebf2f323ecf03a9f54b02d,7d435b111211b3f34f6995914fdef980,13063,campinas,SP
55d125012ed8410157deac328f196288,2699b1bdee690329303fb2c0aada1c1b,87900,loanda,PR
5dca924cc99eea2dc5ba40d11ec5dd0f,2761fee7f378f0a8d7682d8a3fa07ab1,14409,franca,SP
35b031db03bcb2b6e37e2ed393ab3720,3e3048f4f31ca9a28f05279f3554c715,27470,"passa tres",RJ
f4b7601916afa6166fe1ecc135176223,2ec68b85269ac7794879aecff0dab44f,18190,"aracoiaba da serra",SP
cafd020d75573a79a7cb037f87b31515,9f735d60e4d6d3ec348d7bbdb550eb43,26022,"nova iguacu",RJ
064e67871d53f3fbfd15385a0ca3a54b,4dad028c287475ff2421bdb9c9b5dd2f,91751,"porto alegre",RS
3d32aac5bce2d5bde5b0645ef8b319bc,d6caf670c8bf91aed723f242cafb71c8,29305,"cachoeiro de itapemirim",ES
2020c90730cbf8fae6f4f0a9a9a1d924,ce590a0c44295fc160eca2f1791f37e9,24812,itaborai,RJ
d6e2b7381afd823e7d123fdfca1b3b3a,e8a63b5829f45bc153ed838ba9de6c0b,36047,"juiz de fora",MG
f9ec92fefe9e8f36165390d2cf8a76f4,ed2e7c127faf8aacf910fb4ecb881966,13486,limeira,SP
07d5cc9ef6daee5c5205f14545476b09,45aa853a9151e2760eaf935622413c41,28495,aperibe,RJ
928b905d5421373dee94974bd164bfb4,87cb6f9be6c56d669ec568ee36d1d4cc,29090,vitoria,ES
7f6447b2b23e17b3551bec3dcb4f9301,b5e5fa1268db5aa96a5062853fd1891e,20230,"rio de janeiro",RJ
50540fa104b2cb99c95d9e5d53efb109,5af79d89508d36628b0796f94afa3fa9,3429,"sao paulo",SP
397923ee893a17a79703c3d8cff22911,a4e7c06913461ef2298e10fb4cdd2d71,89280,"sao bento do sul",SC
fb177b79812dbaf1aa53dd3e51054cfd,88e20be8c5d9b89c98ac48989949983f,26013,"nova iguacu",RJ
652bebc636b04ff76896479e77c7ec18,944a3eacbae592a23be282b9858d78b6,13339,indaiatuba,SP
359a6a601e39e02fa99b31f11f104594,31a5a2b6f59607a0c7ba435e40316362,96211,"rio grande",RS
37aa60852e8837ab99f731864f9693ee,03d7bb9d95f70cf9dcef7142f89d8ec5,95097,"caxias do sul",RS
43d2e22777294d5b6fbee5a6fb88254d,afa1462306ce1941adc5524ab4198909,18550,boituva,SP
686ba249f6f98cc2610b58e5b9982e6a,70a8db6a5ae17c3a4e5df68bbeae451c,25963,teresopolis,RJ
1f612df0d03085cac4b2ce8121d8dfd3,c63c0b1ccd9e3a6c8ddd1a52c4ede43d,12995,pinhalzinho,SP
35cba8240cff7a8485121c06c306f534,c98371c8c628fe00729bc01622b9009b,56312,petrolina,PE
102fc0966044243157bb81e4ee0a251e,00cc12a6d8b578b8ebd21ea4e2ae8b27,3178,"sao paulo",SP
54219e2e76f6a2c60768ffad1ef081d6,3a73ce6fc3b392e1ca609b5548418c36,59063,natal,RN
9863d23f12bb601f16a36c14f5638a1b,61172f1f85b147f579536247e376b782,9950,diadema,SP
6febba3313a197d966a3267abfb5e227,e308f9114426577f05baf25b11250386,80230,curitiba,PR
7cc2f5bfeab9cbfdf0e4b9d29a35e898,0d2fe5cee9cab31429efc0da96406758,1526,"sao paulo",SP
74a7d1d3922d5c9d87683edf0be614f6,f8945c1122a948f727f6cc5f56f02532,9030,"santo andre",SP
9b6baabf95777726177f7153139da548,e527d87e5717a8e1432c67e902a56a9b,8431,"sao paulo",SP
c57b4b6f3719475543b721e720a526ad,b6c083700ca8c135ba9f0f132930d4e8,8686,suzano,SP
34438889b551b701f2b8479aefa43c71,4af9d92576710a7d35603adfdff67acf,18900,"santa cruz do rio pardo",SP
fa777a37be56a994adf36d437a3ae595,63fe99fa23473a7340917d48f548ccd7,47800,barreiras,BA
0b169717fec8c12a53790ce862ee480c,25e1b5240ae610b163924a49e7e85bc6,13845,mogi-guacu,SP
693214577dcce707468e89aee554cd90,483686d2c2ea82359b6aa0bb2b20829a,4313,"sao paulo",SP
7f4f07b97783e894fccff9d72e0988b3,293c9db44b6588c4e52fbef455fccde8,88085,florianopolis,SC
5ad934ace4646e3dad70148a823eb138,795ec127906a9e161109399a70f5826d,39480,januaria,MG
06635cef8f8be90b8a6a6dd84075b39e,8fde03547587c1e6f97d14148f422242,27170,ipiabas,RJ
38c7187bbd781f3cb903117648bfa3ca,a72a2d4e19868dba726c0e6f49198c7e,76105,firminopolis,GO
72b154a83078118969daf89bbe7fe225,0087c31081ea8d160baa06bf4ad4d76f,89227,joinville,SC
e1a9260002f958ad5765a6e85172e0ae,4965a4e8d51667a93ac39e04aefb33be,20530,"rio de janeiro",RJ
c33c19eea4404b369fca569a72a7b35f,41678bd77f241a2270d0a5d905b22020,6414,barueri,SP
60e7ad191809c84e2fa3c164e1a5b948,373f58d5685e5d041b9fb63c7c580593,13733,mococa,SP
dd4bd98af49ad053c0f4dc6107234217,a267191e13807d158926cae6307fa9df,30882,"belo horizonte",MG
ab58d6d2846ad28915bc42bf8f75a853,9852ae41cc160b7df4017c45373187fc,4297,"sao paulo",SP
c9785a6ba20cc13ed3c0ac679ced9067,726c8f1821bccdbb500536a36b6804bc,23058,"rio de janeiro",RJ
cc79391162e718a3d1783b37820aea9e,41d92d0cb5f7f9ec270a722ff8fef153,85139,vitoria,PR
4865bc634919f9ff8358eb16eadba34c,d215654948fc3ce8f8010cc12a8c843e,29057,vitoria,ES
14eba40b8ec6185b47c93ddfecc1faac,4d160824ea5977aa52fef32596211a93,27600,valenca,RJ
06703b3d47c703a3e163cd1769c2c53e,8f3eef80fef6d26aca45231210bcfe63,89900,"sao miguel do oeste",SC
38d582cf25bb1bc7d6f9f494dc2c260e,3ce128c0db0a5e430f1a998105944d59,26210,"nova iguacu",RJ
de3fa59dd658cd8b47a1634125047c01,fa87e5558d2010f19641ca49363d5a1a,14405,franca,SP
a63dbfab3ef9b3039729c1c73ce56cfc,5b23e3a673f41c47a1cd5093f7843d9a,40323,salvador,BA
151b3e542a42b9d5600518a7ba6e65db,68d8acf19d02fb3b95c8954d31d75448,74825,goiania,GO
49303575e3cd5eb125afb49fb9e8da47,69f4089980dd7b42129b9e458627ec30,3423,"sao paulo",SP
38522087a15a1fff7a96ad4ac2d4b719,9f169df18e7618371e862cb1c181fdc6,20561,"rio de janeiro",RJ
e77db91ad228d0c7e49609d360f5623f,5c2f079ede3bce29ac622ecc9bb444fb,9614,"sao bernardo do campo",SP
22a3b0e62211d8e0e28e374ce3cb6041,3f9d987156fddc08ef77f52d1a15c073,13840,mogi-guacu,SP
03cc560a190bd173cdb410ea38c6620b,76967eb50da869a312fc4adae1fa5309,2410,"sao paulo",SP
6c3eb82bd1bc98eeb319254fdb38a2da,b81208443af1b894742a304cf0f86b9b,13346,indaiatuba,SP
4f75899b8f7b903d7295eb12dcedb330,bc6839208cb211872c9e1909676cbd0a,5021,"sao paulo",SP
50814dd40158d233103f675c340c68b1,b3bbe51a0caf36d05239cdb5124a2421,1008,"sao paulo",SP
ac379a43707819363d962c1a1cac810b,49d1599dd80dedc213037342bbe43fd7,12945,atibaia,SP
649ae246f93c7482390cf748a9be70f3,a2b3dadeee49f301f5307689f05d49c2,39401,"montes claros",MG
d8583ba686f2196aba5bc31f896bd8ff,9a8ae5697c81ca094e4bc087022d89d9,71907,brasilia,DF
a34c9e9b8b2b69de4c2df91f5f1a273c,e88df55ef24b85d6e0f57f61ff8b660e,84061,"ponta grossa",PR
5f7f9c1ee727aca3b625220c95177f4f,1c7fae8db20821423f3155642caad457,13635,pirassununga,SP
8a4976f31f4c12074f026ab5244d7ebd,dfbde47bde19b04d057e18b028d5b5cd,13412,piracicaba,SP
dc7302a83e9681f614bb59a515df38b3,fc19fe9ac733e36ff8227c29435c2030,15700,jales,SP
3f1ea323922032ac23b7ef91f69a95a3,18aef158fe07c1e9ca8e1a5e3b7b723a,25585,"sao joao de meriti",RJ
16cc3f64905e653b68d869cb6f63ba25,30252a1d57cd506ae0f8e4d17ea834c9,50960,recife,PE
467bbea286a1ef54838a9092ada16493,80042d5c5e74c4cd745d8c8832f1b506,2374,"sao paulo",SP
2be831e199cd5308b6e3ab6f36718526,f152faf30f85d9b5784cc9a72611a810,11310,"sao vicente",SP
7c842c2505f4d3650b86f949b1bb456f,bc186285d21adeb7b7c88af5e40665cb,55570,"rio formoso",PE
7c721f8ee69460435bb2e8b6c0d63995,961efa774ea7c0d0a4514295647e78d5,31975,"belo horizonte",MG
79d1d82da7289f7cdd5f611d6c5df0af,a6bf63037fb9e3064d1f8fa4224df32d,20040,"rio de janeiro",RJ
04db47e1f5a9cfe6cc8b560696c807f1,86ee190a174409391a427eed6f5e2728,2804,"sao paulo",SP
e6b1fd31d830155d9a333978e90dd976,61657cd378eabeaa8ec89a448432357d,20775,"rio de janeiro",RJ
0683b8e9246bd0ccbb16775291a66147,8106dda85e61ac65b597178f5eb9ee99,71720,brasilia,DF
14637e4d4896ccbebeaf2a02b0e2a851,f63181dd4c5b7d91e47629ecb64505c7,23906,"angra dos reis",RJ
ae8e4d40dde287b1a730261c382a4887,8de2a640697fdc751bf88a16ae07591d,29026,vitoria,ES
db2cf3b3feeca251d6c3c93bf5f1b75a,ea451b172ee6446d30d57f0c59a4ddc3,71915,brasilia,DF
aaad67429ea7d339bdf5f71ae3ef74f6,13613cae6e3bfea8327a916246c96cc9,5108,"sao paulo",SP
a91290410a471b445d4c17aaa10a3c2d,55f21db4f9a353dcee5b774f750c65a1,29240,"alfredo chaves",ES
7285a211caa6b5708ddbfb01f8987a44,2ab38708dc2f1200d33c47ebe14a6b25,29055,vitoria,ES
73a8c93b316350e98f0d0804293f2c27,5acf34561af0200eb8fe2307fdb126e6,22461,"rio de janeiro",RJ
33f382bbe8b6dd6a3b7f4f161b05e45e,1e3d5ec055904eea7d4e95d60a1ad2cf,3254,"sao paulo",SP
9690ae359573ddb7eb6ccb02ba8ec568,c3d1d99aa10c2e90ceb77c2197e1ae16,12246,"sao jose dos campos",SP
92d80c533a45c936e5ba04440a73d99d,6c286f4b415764f00f8ebbe4f8fe271c,45700,itapetinga,BA
bb447b65c8796bb95116a042a3975691,318a8173e6ffb6811284913d9e25bae9,8081,"sao paulo",SP
dfeb499afeccbe255d81f5900fb20879,88baa2a0a13e63c2e2b3ebc09595e4c8,77440,gurupi,TO
7c48f7c0d3dc263cb9c47536730b1b7c,83ec837051b48b7b5bd1c090ade0b5ef,31170,"belo horizonte",MG
e91503530b1cefba049de9094de44bc8,e3113c1f62d89d94df4fc7cb38159411,86188,cambe,PR
18914bacd6f0cb1785f7970be42fa83d,cbddc85ed8c77a56bc0ba0cfbf057242,54315,"jaboatao dos guararapes",PE
d829dcbbc1ddabd3a91c20b64e2ce5d8,5c3a15e958c7a36e722408cd2ce8b34e,1044,"sao paulo",SP
e86aabf122bf269f6a73ef1631ea593e,264f33eb52366d6efeae97a7de43a1e6,48967,"nucleo residencial pilar",BA
e38d1d16f382a3c99f6da45b79418463,f2cb4abe193595fe70e9c380e488004c,11070,santos,SP
2fef27fa210e5425b6cb88ffd77eb3b6,b9d5fde4cdab32f96f3cdd8f4cef4386,41630,salvador,BA
fae1bc18fc44fd9a65149ceefe83811f,a7657330b1c135f3acd420326e335b2c,38550,coromandel,MG
1013b3cb87e89aa951b7f556f8c26d33,0032c76b20340da25249092a268ce66c,13515,charqueada,SP
b477418308092b09b13af032ca19cc52,a2346489c23a35ba85d17038fa1cb7da,6283,osasco,SP
c4cb1295499744937c6be430505b7003,3a1e94e3308e45730624bfb5c0b3bdd3,37975,"itau de minas",MG
d2dcadef9de4bfc87ea65ac2ffc0d853,6fa9f081d9c0b44b00b3d343c2a4e2c5,4809,"sao paulo",SP
260cbd84c4e1c78240a8ab6f5fe99343,65333bf484bb685082b70adc3e154aeb,98200,ibiruba,RS
120dfec0086ce8999e870485b9fb0f38,1098d1250d5bdf8bfc6a83f26494067c,11250,bertioga,SP
358c19bbbb97654500cc288498104566,f3df2c0b7cf3814b81b37ff6273f76cd,71250,brasilia,DF
d9a8e0bb4edbcd0ad3e059682ccb768e,a1b27fb279cf1f20c233f6f8c7d468ff,32115,contagem,MG
c97dea389274283c7b7407ae8cf809f8,659b895fc430805f484d0beef89bf146,45570,ipiau,BA
45a8c0f0fe5f7a1938dcbc8614fd4eb5,9e5d0775ccf7bc4b6b192d6a84bb3f96,13485,limeira,SP
b8f6bcb3f73c07a92dc1a5c28184e073,6bb3b4d34fb8f3c620d799442a568788,2443,"sao paulo",SP
9c03ab210bf96ef944e181b73c125414,6b4317e342a438c1285889fda1eac3fa,17205,jau,SP
3f35b35a0b55d214f94c94c9e1a1deaa,72739f22a5493890de8cc7f5a1105a1a,35720,matozinhos,MG
7f32b15eb2186290931b86a68f04807f,0b9ae040f85e7cc54f7c20efd637c859,27213,"volta redonda",RJ
536776a02f0112fade5744985be0866f,54350062476d8cadeb3460a0afce6735,80620,curitiba,PR
9582b93f8a5b04336d13454b876e72ba,58e41c352b12a7e96c322dca803dc08f,64053,teresina,PI
ec862d3ecc84eb50ec17e5c261d55088,a3a6f2d1b8311efa1f58c7755e022a4e,5782,"sao paulo",SP
a43e0f37cf24e9449489d65aea6daedb,3e41c85ccb429fd9a03422dc9f0c18a1,38408,uberlandia,MG
23b628ded33cb58a4dd4f8e6104517a5,31934416054332748fd3fa41e7e3ac12,31748,"belo horizonte",MG
a60bddb0ff61baba2bf9e73675a81cbd,b1338d6f97d1fba0fa7b1467fdc93fd0,48180,"entre rios",BA
2f3c92e587aaca2bdc0ccb6b09caf5e2,887698bc22a8aad2016a5134f3d10368,37500,itajuba,MG
945c975073e57fe39a636afbf6689bcc,7ae8e196478928ab8223458a90681d26,13050,campinas,SP
96c6c027ecb140f181a93ccee82f84e4,cd612700be57e08ca76adc1e3e69e525,6600,jandira,SP
fb52c7e87623a460b760cae7969da353,0826e933ca018e8b6d1ceaad86d82691,2418,"sao paulo",SP
23f1d9792d6032bbdb97d6ae3988d21f,8e323c75fdec6658ed2933b3f2ecc33a,78320,juina,MT
9229bcd4ef83e2a0f654bd463851015d,708dc8654f9d1d415d0ea6fffb898f2e,35502,divinopolis,MG
81ad00659acc734aa6a7eb51a27f93c3,ecb43665c8c390857cabf385d918da87,91160,"porto alegre",RS
49b82890f880fd8d14654245b0826623,2ad3e8ebee7119e3be506709cf52c2e7,7600,mairipora,SP
52408f5b63dfdc6b77f1c8414662e4a3,bc2c9d4cffdfa4609cb2f961250ba4d7,21660,"rio de janeiro",RJ
6a830a6e6de059a41ba310fc217a6bd8,fd3a69ec7f07e6cdd8f87021f0191cf9,8381,"sao paulo",SP
a4fa643f7d9de9a32083b61cc0c362e3,58ee10603291fb595e840bea6f400d41,64017,teresina,PI
57934d36535621517dc2b60295108836,119d43da5cf2cec95289848aec20ac51,85960,"marechal candido rondon",PR
14f19cd312c81ec701cd8952871b02af,3971f4c7f3c96fef10932785e1093510,18111,votorantim,SP
cfaee97e3b62357ef1c296faa8553d76,06b08c5a655b72aae399c4411e15cb47,9840,"sao bernardo do campo",SP
e7c1c6bd4a65725fecd89c94428cdd83,408b1dc1bf28c3245e5eca9097e14b9f,8240,"sao paulo",SP
6b3dd49a9dcb03a49f8f7e1848d96a21,bdaae7d0dda6bb655f833ebdceaf178e,29046,vitoria,ES
7563f36d8dcfb6a9f7a547ed430f0f23,205d12d065a7b8535ed6941b838064fc,7862,"franco da rocha",SP
e4c8227df878d2e203bc81fc1351342f,47bd939e378c0ae8734c7c4194f52cfd,30290,"belo horizonte",MG
5747e92c2d001d68a632852f8a4f3768,9f16fd7755d607cff890d9af2f212340,6708,cotia,SP
0140bb3a2e24b8dd7a341eaf707b440e,ac61539bd1e37ef9fc8b951720d90bdb,18707,avare,SP
d7288a6538f2639b5916c4337eaebe09,78681ccd3cdd568237129b2e5509eb73,9627,"sao bernardo do campo",SP
10c23e73ba4e0d1dba0fcb959305ecf2,58c9adbd05815ccb9c1e1ddf6a8f6124,20020,"rio de janeiro",RJ
e9897d7b26b4ceaa2b3f07a0e4cddd98,c88a78ffee02f40ceeb314786550b716,74920,"aparecida de goiania",GO
e766b2237b6c87f74f34d932ca8aa2ec,eba2cf1bbf4837ae43652b7cfbaf08a9,15460,icem,SP
aa4e13fb69ce0c9e456d9f6bb47d46db,72eadb2fd1950044892dac115617c6a0,75064,anapolis,GO
d3a7c4a756384c101585cd13190a00b4,6d06583742c138d70b952a6f5f4fd62c,11618,"sao sebastiao",SP
830743a0ff94437e9454511b28e36380,3e6580b01b9b859832d81c9e14d439e7,18135,"sao roque",SP
f95370ea34c6c1e0dc4cc99480858a54,5273449e12a174a67f5423126de96435,29160,serra,ES
a049689e9d5cc5519e3bb91f63ea9750,39d16e1ef9c58bb82e54cf87906c185d,15130,mirassol,SP
6b116549ed56c86707f9c9eeaa654941,3d63d3e85947d64c59f9d3b6f43b4027,62106,taperuaba,CE
698e74c33fe7c958024f07a31dbd2f77,db87b9a23aca22405ab394338f087a68,39401,"montes claros",MG
4855e1a8df391a0df190b042f84da0bd,de1fc6d7bb796ade9bb07f09b26a4760,18013,sorocaba,SP
7581ff8827f7dd1da797eab73553b2bf,a124666e823bbd5fb77a72afc8c1360c,2616,"sao paulo",SP
982e82b0ac09b67a31c446d41db6927f,7974f57adaf05f72a06c307cad9db6f7,6381,carapicuiba,SP
e60a039c1be831ff11b42d99a76f738f,f9cf4bd5f758bdbcb0f8397c6bd49d3c,37137,alfenas,MG
988381e3ac7174b278642cac45f5d227,77528332d8d9e9a13c03da164e28040f,9280,"santo andre",SP
11ca735fecae936dacfea16499b4b4d7,b5be7a62bae2b8f3b867d2e9ba629a59,36700,leopoldina,MG
a94a18b754523b6845747ab60c906ece,ae0fa4150b81d44201545e47d2aa9ccf,71571,brasilia,DF
5be5d703076bbbf577ade3fdddf51e20,29bbf509bf085413d69208f1547f76e0,13871,"sao joao da boa vista",SP
069a724b11ade79937f258ebc58c74ef,611b8fe01324647fa20c6f629dfa5b6e,8451,"sao paulo",SP
066a9e746ce5eead40d2afa9bccd3d7d,227dee340139e8c2f57bf05bcb1246f8,4171,"sao paulo",SP
34c7072b051e4df2c2a048d2db72edaa,a8953e3d7677addada63eee79b91e7ff,36504,uba,MG
b54e2f0af25f6f2f1f105ef67c7f895c,4a51a701a27196367845d9299bee729e,59152,parnamirim,RN
35f68adc8ec170ab999117525306afc9,57e5587a5f1c3fcf65dff88c6d088cef,7197,guarulhos,SP
5f15513fd19ab7f204e5f6b75375212b,71d51db38ef92c129499061c9cb227f9,45986,"teixeira de freitas",BA
8abcddf97039e2caa85efc2851cc1270,eee056a1664b2f91466c96a455ceea8b,12940,atibaia,SP
a3cc815958a0313f44694efc042434ea,a1dcf2440c6b9aec47d70595ed124ad0,91550,"porto alegre",RS
f8908f98386bc7c834c4eff48a959f8a,058199325498b546a39e5652a04dbbcc,5352,"sao paulo",SP
5c296f7939550b876425980a5d7da5ce,51e96af5f0314b37ecdc524b4c44c06a,58011,"joao pessoa",PB
9816186e9870b50a311b2c06da8853a1,9bedaa421783554848ab968c22aa6dfe,36110,chacara,MG
5ffaa9e0952296664dfda701a20c5519,2f2c5d1fdc5db8d9302cec6fd6dad0ad,29290,"rio novo do sul",ES
97ebd831465dcafb7b8aba3bed42adaa,e15bbe8fc7504d0075b5835a1b306ada,20031,"rio de janeiro",RJ
ce990e6331cacfbe30d267a2f847276a,4b384b778ebc0449d0244902bfce7beb,30170,"belo horizonte",MG
8c3fb712bb2e85992047b1f11ea332e1,0fb4497f568fe7c3859c3c43d6be7277,30690,"belo horizonte",MG
8aacc9bdd286bbd215a6b32460b797ef,f5de43d4ead76e9519babb3d6189ea5b,64020,teresina,PI
18a8212a303f03734133d7cf22edee0d,7e8ace5e83e019d284a1cf0108b57f94,18160,"salto de pirapora",SP
f909d1f1d804fcf266acd8b68eb25264,de3fd2cb02aa89d030f943936ca17807,3959,"sao paulo",SP
0a9ab8de2d01f20b459dbee0a345081d,f9acaaf53948041869bb52c7eb1e116c,26125,"belford roxo",RJ
b0bde8961b359e3e4840c9327862f43e,40b1c1468c27787235deb9bf979fd51d,2804,"sao paulo",SP
abc24ca911fc4fa27425c23c1f60603c,1b51dc88a783a437b7ab446fb12b4d23,99200,guapore,RS
94906d652f7d1c9e4c4af604ede7784b,544d0f13064dc42b8f6957cf43fa5cad,69918,"rio branco",AC
21353e8505522af33c2bd5cfc6d371c9,64b4630b1015051dc3c2e286684d444f,38413,uberlandia,MG
dd8fd4a958c49d92d56c854065d11234,843c7e9e24758cfbc00dd941be3de79b,8536,"ferraz de vasconcelos",SP
690f9f1b864ed6712a50a3d444c224a0,0839b9b0df573d1b402fe8906659303a,12215,"sao jose dos campos",SP
17bf784c37e83fdb4ad6f9e64afc84db,3ff874206f1d7d1e3ffe12bc9c88c27c,91781,"porto alegre",RS
8ebee0cc741eb27e8501e4b4e3c6422d,8e990907b56d2383d3a39bf0cf9a3f42,65067,"sao luis",MA
ff4ead15d934b5b5896ca73904d07f66,2ce81600d264e61fe46c8cadffd18db5,6786,"taboao da serra",SP
52948975a1c8e2ec193e83fba7d4d091,313fc07d700930f4fbb8c08c5f5ebc20,81270,curitiba,PR
daa4d167c907827200536489e0dc645b,3cc4abcf6c4d8a077b3c110ac04eb272,87043,maringa,PR
f3f1c09000ff5b8301e6b7918e4f2cbc,b7b162291adff744d6f3c6450557ffee,88430,petrolandia,SC
388a43487598d630805ec56499bc6ddb,7dc06f440f8107432896e33a18da3e38,7080,guarulhos,SP
8bfde2e8ee1c470784cebf3888dc3368,827af9fc3113e6e7b0cdc85dea8fa44b,24358,niteroi,RJ
25d0a19994db670da25c2a23de8466f0,f820eddce0a5ff03e1e40168b5ddb0ec,22460,"rio de janeiro",RJ
62e4c45005f78e9efce8f9b361151a04,7f8332909b975683069ed4777867f021,74973,"aparecida de goiania",GO
bfc0d6ebdaec3937d7dffc39fa93fb91,bd8e0f3ea9fb694fc53c7a358643fc06,74435,goiania,GO
5c78528de7bc16285f19af96fce88f02,e6925d3e39cebd0f699008b248e58361,13208,jundiai,SP
50111fb86c6159052296bbf2598ef7ee,10b7ec8d59e18192862f78be58cd3458,6270,osasco,SP
8310c27f705802263986d24aa21bf014,04b851412c9787a6db795f277ef20e8d,87260,araruna,PR
0f0242e95194275e6fcb0660f728b7c3,c7ebaf88b0022b8aa6893bf62abaf74f,55644,gravata,PE
04361b218639fa1eea85ab84aebcab7f,dadbd996f437b5230f82ad00de17a4da,20720,"rio de janeiro",RJ
deaca55a21b9248b34e823583f5ddf34,6dd5be3b2a4f4f7fe09e81590896fa0e,29500,alegre,ES
76ebc39daa5ea881b6ce1ef9554f8b6f,ba6da4841dcbcc20caa9a57808664368,86055,londrina,PR
bc1e1a14cb213374020b2be96ecaa39c,ca5062b6d3d0b87debf099a7a772033a,5798,"sao paulo",SP
68ebcac94ae12019a0d4412660f8f1d9,11ce7127e348ee1d9bb75ffef00923dd,48970,"senhor do bonfim",BA
f9f966080fcd27a49a13c4d29016a309,ea2fa8b8e775b4d4ebfdd1e828fde92e,9750,"sao bernardo do campo",SP
bbc8c12f7afeba03337723117f0a6f3e,254f01c0c4853e5c23a801f29069f932,6540,"santana de parnaiba",SP
db413ec55ca6ad5b093d08c564cf9a9a,c38ea92aa01ad97a67b5fdc061846fc4,20780,"rio de janeiro",RJ
506ad507afe195802c80197c61b37ebe,a6287dcde3fcf9870d4254398a407d27,22753,"rio de janeiro",RJ
983003a02a2ca37f90bd8e6dc44e5f5f,a117fbc2530e3b766f4f14f27cfe3c25,17490,piratininga,SP
431837f2d214f5f1d55cf189aedc8035,34d93be3a57e6f8bba423d9064cda7c8,31741,"belo horizonte",MG
9c8618b4f6ec3b019f860e278d9294a5,84534c29f49cfc37bda78a29e6c6b629,90440,"porto alegre",RS
292d8563fc70947dd2010aa36b726cdc,cdc5b7e1bd2027fc820fab4bf76dff04,57071,maceio,AL
1c6168ef4f5ddbdedf48f60a4e21128e,0788a5e2db8d16e610407f3ee826b813,25025,"duque de caxias",RJ
a2c403073285474c9bb42414f75badde,caa954e15d7c966d515d79caeccb7076,88056,florianopolis,SC
90bfa78fad7bdaccfaa0e53c36618d76,c1aa08ee7ec027f1a2523bce7c841723,4545,"sao paulo",SP
7024b77e0f63bfa361f87eb7e4d21b51,d0a9421d1143535e463a15d18fcddf90,17207,jau,SP
128664a3f38d78795c698c380488a5dd,5254c0eec4d1c586e4e6b59fba3d33ea,1131,"sao paulo",SP
061d8030d0f605af68c6ef004ca15700,70a252703c9e9801d4f69aa10f583a41,38500,"monte carmelo",MG
f1c9108faec06a72a4e597c922ef2622,26c9cb11ad1169f145cc96dc263cbb29,5124,"sao paulo",SP
84f15cc9c81cef2a84c29804eaf5c731,a26b156b97861290e0b947bcdf2b1abf,74936,"aparecida de goiania",GO
efef3994424e23ccbe4a144fd734e9af,b0b94079598f018f9e72e9698aefef33,12946,atibaia,SP
baab2b58bcdf3653827e7fc183f98fd1,eb8367e178d144706a4ff3da62d284cb,84450,ipiranga,PR
36b735afba701eeba82799b7d22161b2,313a1411e58266af71ecec9da279ad12,31310,"belo horizonte",MG
99c0630472d3966ff63c3eda902c1740,ec645f55cb99f62fb8a30e9d467b3e97,12030,taubate,SP
d0702c4f1152606a119561253565e15c,728bcc9495f951828608dbbf3a7e36b4,4295,"sao paulo",SP
9bd4ec3645cb38780110176b72910976,301a6d74a3eb7cd8e3508a045b8fa2e1,89705,concordia,SC
d84e7210215ea4e41afc01709a2a9124,1ccd4d08c7d4d9bc6ceb426ee6f7acee,31015,"belo horizonte",MG
5f798676abe9fe538e2242c8c07ae325,7236dee958fe8db7b71ae8858c07640e,23515,"rio de janeiro",RJ
b76f6b4b7545d1a23bfc4caece1d6ddc,75897dfb21f53272945a344799721579,12334,jacarei,SP
f4302056f0c58570522590f8181de2c7,67b05b597a66b5c449025000b9430abb,64605,picos,PI
c8223f76047e09bea798462f2f46ffa9,b4ee22e08cdaeab0b8e6bf2e67d7c19b,45690,una,BA
363424d16e12713a1afe0f46f3ab51e0,2408917d65de5653f636d4ba42d45b4b,41940,salvador,BA
ea2677769a5160cb3664a4ee9e6dcddd,b5e13878ce7c196e0ba76d57dd55b485,18890,taguai,SP
08be5d1f213ea37487f2698ca4b2be07,3eddcc05abf2cf434aae2a9662597353,14015,"ribeirao preto",SP
de9bf374bb9b9c1f0da9c6e148f5f2ea,f12cfa9263ca5dd51027f902d1d05321,30350,"belo horizonte",MG
5a3473648da10d2800f4783f6426355e,c2167133926371fa294b6b7e9da001e6,7031,guarulhos,SP
6fc7836276b8f6772133106f0d3bbe55,ece98a5dccb1e985d69a38d4e0f054e5,5679,"sao paulo",SP
eb5bf624edb0f6368055aa558ffd2b23,e2083012443da79cfafc6b423fa64a75,87250,peabiru,PR
7cac3d97424aaeb9e83351311224d638,e411a7d93ae7ef2b1140c0d5c72fd9cc,5092,"sao paulo",SP
308d634eb8b2e74f9b5bac996f0df5bc,c319f40740fdf4e982c795eb1eb6d6b1,4117,"sao paulo",SP
c8d80d8d1c6f976f76b02d540c8ab5e4,e2f3d2f1536b4b6917e6acfa7d50dd1d,36800,carangola,MG
51d885b915b6ba6667088ca3289f06b4,111206009c4b4cfb6463a53cf3043ab2,17514,marilia,SP
efb399989df3fa489f07cf50a7673566,39618678c9395910a7d675df2b0af941,38195,conquista,MG
9aad6db5643769b3d802a87328ec31e2,463d8425827e81d905edf86f9c231eef,28909,"cabo frio",RJ
aebe4c2b4467d067bbcc3852abc825b6,854de56486b249c1dd6b2e23ee5ea8b9,36600,bicas,MG
9da6254d98f02499baa9f562e545e257,a3af9db3b686f891e7f6a7d4a27b158a,62115,forquilha,CE
6bef7aeee709b60763e7cf850e90db76,5922ce0b65492e91ac07ffa3b77b2cff,27910,macae,RJ
6034b1115c7ac9b6ced55a6d30d3b62d,4de0066d5e32f9bd282991a485d35c03,70390,brasilia,DF
2180a404621f6553ec9bbcf49f740175,c27d02e495180cbc358137a14d1b029d,92020,canoas,RS
f785b0a48b707292f98a12752dc7a95d,873b6512a80d4ccc7ec1ad735ab81a81,16430,guaicara,SP
68a0f75ceb8d5fe2ec088e848315108a,423829fedd48d538a2e70c875c52967f,13060,campinas,SP
bb835a982568100f068d3206b4e52f8a,f2772c6e5817727fbe9b6932ccaa438f,38320,"santa vitoria",MG
0db36b3f2051fa4dd7db065bbadfd7b4,6db067a3f4b85eb84066bfd8010ef99a,3165,"sao paulo",SP
ed35271185aa3ecf2e421970e47e473f,643b807a55c5add3c91379b31f50d206,17800,adamantina,SP
e23c9cf06f2d414074d2d3d00ec7ecf3,11ad985b033c153deec8400ea60810d3,7807,"franco da rocha",SP
0d8a00a1a77519c094786a9dfddea03b,3841e1601654a5e39f3455f9c8a14f41,41230,salvador,BA
3bc958811e961837de533256453f1f61,527d59def65c2a1300ae5c4138c279ea,5303,"sao paulo",SP
a95af80256ebdb05713863cb03060667,6832ad9ac97f82c7c5d614fb8e632e7b,21740,"rio de janeiro",RJ
0446b2b06900bd31f919292a4379ffb0,eab27a5d81262bace5fc81727514d49d,3317,"sao paulo",SP
09d7f60a8fdfeef225e4e5dcd447047d,022e9ef39a8047a24a813f57ad382b94,18143,"sao roque",SP
167952abef450eb8fc56bbf828db72e7,08dad77aba35e08dac6e113a1c01d2c0,7813,"franco da rocha",SP
00e200fe66bc8553bd83681887d6176f,fc5e5fe0a1c88aebef8f551bc84abd9c,69020,manaus,AM
9769cf8e0cf29e8df3993c86c6eeceee,0cc3629bcdae6909e00d9512d566f570,13506,"rio claro",SP
b24e99c21cef9de4ad6b940683949ce0,8d97ec3fada2f08485838b53e2d70bcd,29104,"vila velha",ES
4c1e29ec2ed2feac441cf24b25262ed2,913a4e0cb7fe555e6cffa875ecd58e2e,28455,"sao jose de uba",RJ
5cd2839e8d8faa454eac8cb98311be73,c85aa747346fb651773ad0384949c5da,14030,"ribeirao preto",SP
edaa9852dc9c501799d0062442a05a52,7be63f0ed4d9c76ed55844021da8d5e5,8830,"mogi das cruzes",SP
e2aa60cca12f694c550a5f58ae651a9b,2a2eeca87e56515b095e26141f95a2ce,3547,"sao paulo",SP
534b1baaa8b375f0fc4a2088dd5b0f68,ad076f69fe41e2f2e356025bf2751920,13604,araras,SP
c908a3e881a6b1e45aba3336b478f445,fafbc4ecb15933633821dfd530c9263b,74555,goiania,GO
eacb0c4f63256a598da605d10fd5b17b,2e438ed54223fcca39c725b9a3e6376f,78890,sorriso,MT
2e7932957aeb978bcdacc9ce7d8256d6,6a8486027bddd6ae08e53aac48efb2a6,4183,"sao paulo",SP
edf0b9f3196ff6f4702be2d540f684d4,171d92af5bf025428dfc2fd869eb8a04,21715,"rio de janeiro",RJ
afe505252a17ffb026986235a7615c71,f02292465189ed8f3845720662a35999,89220,joinville,SC
8805608b298001962c13dfa81a96229f,4700fb5c5be4d27d6bed7cb5185e6c48,2762,"sao paulo",SP
f74348cae67c2823481c835244740cc1,86a01fa0e06f44ce0edf54c195443036,29101,"vila velha",ES
e0b0809fbdc11e448ee71e40402ee734,3ac72367c83b28a9ff5508e4e5abeef7,88501,lages,SC
d02b3ea52ac795069225b421e67f8bf2,d402eb7f3e879b3e39063d9aff318d75,24240,niteroi,RJ
534525d2977800ab718182e9731f540b,df033c6cca61206b057d843131600fc0,49015,aracaju,SE
07d4d7c6584be1dfbea942bd0fe5b9b9,01bfd443225216fd172d2af98ae80068,26052,"nova iguacu",RJ
ad9ad1bbc3ec168f6d7e7e5637788fc3,f00acae66459f1828fc1feba2c759fa0,9619,"sao bernardo do campo",SP
d83753f7658bcc23859c5f1988cdf50f,0c17966568c69f8f827f574911f8b729,2832,"sao paulo",SP
1c7d4bf8876c3a085598d708c616563c,a8397e4402779864503796dd87fdbedc,12412,pindamonhangaba,SP
883e06c99a6a4a338f2b74fcd4d4e344,ddd8485a202512dc3df53d3092b15ff0,91510,"porto alegre",RS
958f8d94c5c2d21ccf6a43d0e3d50308,144b9f1cf244df05e042b5262ecf97d1,13274,valinhos,SP
6c2bbbe3ed23e59d735f3262256d21e8,be34d3b235cb9ae1bfd933d05891ff8a,12440,pindamonhangaba,SP
9fa640b461197bf923b328f63ae4ac2b,476044a045850de49b672f57aee54b5d,60831,fortaleza,CE
2dce9a88e9782c5eb7a92dce1c1684ee,17ecbb11ad271dc15ba46b93be52062a,36400,"conselheiro lafaiete",MG
b68c905ab520e155e3e405bbf8dc1bb0,b0454e831e63abc9d4148e48e4ebb4ae,23095,"rio de janeiro",RJ
a125a54036b56ceb4c73638eda0f18aa,19067e6acbb88e562f0f58eca762ac76,26015,"nova iguacu",RJ
1a1aca3aea66ecc5fa26e1994aad30d6,04baa28903e22974e6213e632b09c193,1152,"sao paulo",SP
8b28d65024bde74b024ae8c9326adf50,d7dcb6a86716cae0bae52007bd8b7822,22793,"rio de janeiro",RJ
807158bef6145c422525d5413be80338,ab2d1ba701c748469008304cb9f83770,9784,"sao bernardo do campo",SP
b8f8657742c599ec5864f8790e0381fa,1ec536e0e33d1a559b917611ccf1cd69,30260,"belo horizonte",MG
7a30312430d50a32a7977af30f98100f,035b9e2e22e07827ab0ca933ad55f89a,35162,ipatinga,MG
5c6fc6203282033c16b64ea68ed111e4,03d4953a455f8489e712ea80699de878,9820,"sao bernardo do campo",SP
787105d518a38470555bbfe1978b63f9,9173f8394714a803f3d46db497a68a19,85035,guarapuava,PR
9380c4d3c24f6c62c443c8da0f2f0ecf,c645339c7f927e64c0cbe6079255fc7a,1107,"sao paulo",SP
0163a9517d96e283b1a883de0e71c826,243bf34f2f9c8c7b941e3ad4783a4b10,13070,campinas,SP
3258ef1cf6b31779ee6fdf397ae6e5f6,e48c34104caa1c6ad2fbcaddabe30092,77320,taguatinga,TO
916cb5df0371f10f45ac0aa1f49f3651,4626d9d18722ef09665317afb9666980,62320,tiangua,CE
bb10386818dda2842a580048ccb08fe2,2e636fd512179efa9c6e1b1a28ac7f98,37500,itajuba,MG
b828fa53202efa901b22f532577fe859,6b0c568efa39d9923961096ab40d3ed9,23052,"rio de janeiro",RJ
4fc64c2ce4ee430857b759ef0242873a,3b460ededc4c23cb9eae28c706b3a310,79500,paranaiba,MS
884e5366e0a547ad944f0711a8e0839d,36c2e404800b055e0ebeb26c96e23fd0,74595,goiania,GO
17ebae22126d3df35f5e1fa1efedab94,82d3e8adcc5eaecb0594f0b20a105d93,18040,sorocaba,SP
968e2eb4991b10dd284390b31df9d4f7,e283ddc5beefba674d4dbcba24e37d04,31110,"belo horizonte",MG
02dfd8931ac72171c45b5c8522cf4082,a8794bde6655593c9b71212e6dea7177,5727,"sao paulo",SP
964b34423c822e9bd9831635ccc83db2,e49eafd7e69d43b8d86f6b5590fafd02,99980,"david canabarro",RS
20c93ce4bf340f35b3d27d2219cc5937,427be1ae47bac17e53cd13061534a4e0,18460,itarare,SP
4f24e59afa7758f83c982b1186a14ccc,28e7419981c810e071e0f6b061129fbc,4003,"sao paulo",SP
11e967f2d4216f48bdd64fc5bb934074,b12fb4939476e92d9490ab46c7006675,9330,maua,SP
6ed3a6f46ef83d356e7152ac4a4388db,77109035aef26917b4c23dc142a55bde,80060,curitiba,PR
672ed40727c0f5acb2a1439d107a5a82,96e136c1e84c06e4f46fbabcbc3f918d,7135,guarulhos,SP
b1dc05bae2f03544e45370080331bf07,82b2b6a27479a25369741ff265a19a49,57084,maceio,AL
4b9b08912f6f9001a66725eea6d935f4,a5d3aa4d29649db999b3877b8961b64b,57770,cajueiro,AL
3aaee00fc9ce5f6dbbd2f378254f7f65,790352c18a7b36b50eb483aa9eba0a43,12321,jacarei,SP
a1cd7aead5b4948681cfcf303b3b5845,bc53fa6fe784dfc008612a79f5fc0e3a,88060,florianopolis,SC
5ac0a0fa20bc154ac58f78f00cc30c57,84da12896f5cde5ebcb0c8bc0f35e26e,31260,"belo horizonte",MG
6747dabc507b18f4a1300777643744d7,21a2d9dc71459dbd3dad219cb9681964,38411,uberlandia,MG
3132f23b8b8d89c902adc08c769e5db5,7b6d07dac0a2c373d749142e920ae356,9111,"santo andre",SP
ecc7f9db3aeff66207a889c07a2eecdf,b20eaead1d0c121ef9f0a705ad37803e,3317,"sao paulo",SP
dee7ac1315330a02d049ad3b108c7ad4,16d778764561c820ab02b6ea12796b14,38410,uberlandia,MG
5d31ddffc029174e9dac6e1fdb4f75a7,4232024117e4618d2cfdc07c30b5d3c7,12721,cruzeiro,SP
bb38dcdbc99e5fbf1ca0dc4f8c6b2f4e,efdfdcb4890f42ff5fdc077b298f9af8,60822,fortaleza,CE
52aaa28398bf43dfbfc64dc09278f13d,28aea3e12549a3611bbd8d4e3310e4fa,22070,"rio de janeiro",RJ
856d87f37ded3711e685ea724e5ca248,b3285dd7fd409eaa193f78dbd67f70d2,28495,aperibe,RJ
7927dfaf0bee1bf23b4e9203355497c0,fbb97973142894c3265d06e676820c5a,96810,"santa cruz do sul",RS
66acec0b594d1e6da7e248d3172fcc43,39d7ce28dfadb187458ae98f1e7e3857,3420,"sao paulo",SP
6cb393c4edd43586fc9eb664579e6622,38e31fda99a5fb901d27134d18d36c75,30644,"belo horizonte",MG
5bde57569eb8318a2306865d06de2bfb,6ce73016161f051b4267667a28bb417e,90450,"porto alegre",RS
8610db3f7a37d8a445f5649be9343960,48464d1565a9447566fa926099aa5d9b,27213,"volta redonda",RJ
341c4634e0f68d32b278e42dc843b433,2a9c0f0e5f06e91c50c74baf4dc67a0f,19470,"presidente epitacio",SP
93e0dbadcb03b5b82294f9a7dfd303e5,6b3e85b566abefbb24c346a5c2faf23f,90620,"porto alegre",RS
af37bca8ff1fece07b46d92c0ed306af,f5e97c4a357a49248114891b8b69fd80,30610,"belo horizonte",MG
e5fe29371fab568cd043942ae42365ed,794dcff1cc7dee09bea35d1d20994c99,89228,joinville,SC
33cb0e2958def1ed82a542a45b13c982,c8fa956730a8b291e6bada90a5c6db6c,29124,"vila velha",ES
17cc67a8e493d2fc6c761f39b4ee9648,6e9c6c2120611104445c767b78377d21,9431,"ribeirao pires",SP
a18e4956844fab232555e2bfd53eca5e,b4b26faae91bc1b8f9458d29bc3c200c,68745,castanhal,PA
f85c1412c63126bbfaa30cac5590c0aa,9e80855aee7a17e3e214da66f7d1c08f,66085,belem,PA
e4b6766132b13b3ab3edd2b7be4b915e,7a6156ef7451bb5f25556d7332d1cf77,12286,cacapava,SP
07cc6026f1fba9869ce6efc681fd190d,12bc33b0d41518a36034c53c10e37129,34000,"nova lima",MG
c9507333f1adf471ae7b77aa0f137277,6fa75bcd8374aaf022bf590a4aad45e2,3319,"sao paulo",SP
5d8f7d35350a0802b7e4bea9671b132a,589ee29a3decf9bd5cd8492da02efb2e,29155,cariacica,ES
4b6484fa6c4406d63dca39c2f421d2b4,b087812101562e36a7b1c11c1540c3bd,32143,contagem,MG
851406b866022c60fdb8a6e862808933,43f0b8fa25a050c02dc18e166ed574ef,85035,guarapuava,PR
269e3d5f088fc1f4b2a81eb0ce8ce7d6,bb4a329975df85aa69684e124f0b48b1,4040,"sao paulo",SP
84224aa8a8d7d7a16e6ed976990b9cdf,93805ba8be262fe253c4284751762866,12955,"bom jesus dos perdoes",SP
7795ad64f8c82d9dc38060df2f3ceab2,db94b7a9542eb59e1d8d0e7191013354,35160,ipatinga,MG
3fcc0ad6fc4d2cb5b8ab39309e1ac335,4bac35931842898ef246fe185e61f7b3,69180,urucurituba,AM
58010882ac48cc7801627ad2bcd383e4,f1bb87ce3b511f772f77765bd3fcef6a,6624,jandira,SP
897b42a91c4c99a830882d3470ecbb5f,fbcafae33b8ac7b85dcbb5ff0cad932e,53130,olinda,PE
