order_id,payment_sequential,payment_type,payment_installments,payment_value
b81ef226f3fe1789b1e8b2acac839d17,1,credit_card,8,99.33
a9810da82917af2d9aefd1278f1dcfa0,1,credit_card,1,24.39
25e8ea4e93396b6fa0d3dd708e76c1bd,1,credit_card,1,65.71
ba78997921bbcdc1373bb41e913ab953,1,credit_card,8,107.78
42fdf880ba16b47b59251dd489d4441a,1,credit_card,2,128.45
298fcdf1f73eb413e4d26d01b25bc1cd,1,credit_card,2,96.12
771ee386b001f06208a7419e4fc1bbd7,1,credit_card,1,81.16
3d7239c394a212faae122962df514ac7,1,credit_card,3,51.84
1f78449c87a54faf9e96e88ba1491fa9,1,credit_card,6,341.09
0573b5e23cbd798006520e1d5b4c6714,1,UPI,1,51.95
d88e0d5fa41661ce03cf6cf336527646,1,credit_card,8,188.73
2480f727e869fdeb397244a21b721b67,1,credit_card,1,141.9
616105c9352a9668c38303ad44e056cd,1,credit_card,1,75.78
cf95215a722f3ebf29e6bbab87a29e61,1,credit_card,5,102.66
769214176682788a92801d8907fa1b40,1,credit_card,4,105.28
12e5cfe0e4716b59afb0e0f4a3bd6570,1,credit_card,10,157.45
61059985a6fc0ad64e95d9944caacdad,1,credit_card,1,132.04
79da3f5fe31ad1e454f06f95dc032ad5,1,credit_card,1,98.94
8ac09207f415d55acff302df7d6a895c,1,credit_card,4,244.15
b2349a3f20dfbeef62e7b31baa22f84b,1,credit_card,3,136.71
5a1f6d22f7dfb061ef29216b9af687a1,1,credit_card,4,47.69
4214cda550ece8ee66441f459dc33a8c,1,credit_card,2,170.57
adfbf6c2a620196f9a3ec747491c72b7,1,credit_card,4,67.5
4d680edbaa7d3d9bed69532957368a03,1,credit_card,10,353.09
8cd68144cdb62dc0d60848cf8616d2a4,1,UPI,1,330.66
5cfd514482e22bc992e7693f0e3e8df7,2,voucher,1,45.17
d0a945f85ba1074b60aac97ade7e240e,1,credit_card,2,541
c39414c195d0f94c9d9c35e7c6ed4f1a,1,credit_card,2,139.22
5d9c5817e278892b7498d90bfa28ade8,1,credit_card,2,290.16
b69b9260e79a0da00e15f48de1bd2524,1,UPI,1,283.34
f45074ae38f2e01d9b854ec8d40362ff,1,credit_card,1,13.78
81cedc4d2132eb6f512354166e51b187,1,credit_card,1,30.28
595f598849d89203c28d05d0fbf3f92e,1,credit_card,1,26.58
f9d0ec2fa088ac583e1ccd15b6686073,1,credit_card,1,89.68
e647bf617de735448a4ba54f8910393c,1,credit_card,1,65.09
b2bb080b6bc860118a246fd9b6fad6da,1,credit_card,1,173.84
23f10f509600c30cf2852f9dbdf28fc3,1,credit_card,1,103.49
f86f6472fa9f395d8d9a6751ca118afb,1,credit_card,1,64.03
1dcf0c8cd36ffaf57784fbdc90079310,1,credit_card,3,157.15
00d8d65b666158b633f96054d31af43b,1,UPI,1,130.88
cf30fe76d1505192acee1c6dccb15545,1,credit_card,2,47.72
d3e774a185c0b1b2286ffd6c70abe2e6,1,credit_card,8,117.74
32b1d8f3789a57f1f752e20ac7404b4c,1,UPI,1,56.6
c10d412026c4077b8e83acf0fea04eee,1,credit_card,1,266.16
56c3277583e16009c925fdf116df420f,1,UPI,1,31.38
0e0441786430b7cfcd0d91f822ea4c99,1,credit_card,1,121.49
6ffb3f1686bceae3466facf7e02ce3fb,1,credit_card,1,32
afef48d3c8a0b1b7c9b7f8f922fb5674,1,credit_card,5,153.41
c0db7d31ace61fc360a3eaa34dd3457c,1,credit_card,5,65.71
d574338f566ca28dd67820f48ec1f1d8,1,credit_card,4,278.22
1807cc736321f14baa58ef39cf6e5989,1,credit_card,4,91.66
e8977f709bbb0367f51b589e6325f991,1,credit_card,1,132.51
2e2c60b99754ae1e4d8b18846cfec9f2,1,credit_card,4,542.66
1ffb3c1929b16d9c1aec1958e11b3e9b,1,UPI,1,166.04
95442deb81a5d91c97c0df96b431634a,1,UPI,1,368.98
10af96a0689260134307879127ac1952,1,credit_card,2,113.2
85eef2d342b0de363c45c1bc324729c5,1,credit_card,3,99.43
aa964845f1de8125410aea8b73e9e1ec,1,credit_card,2,27.35
343348b1e29e9fa9e7b6ab1027f9177d,1,credit_card,4,43.77
ad4098a257676ea4d394fb3bbbf36ca3,1,credit_card,2,68.49
3e0c3cab458e8b3cc8d1d38ecb7e7775,1,credit_card,2,105.53
3ab4eea6776259ae8dfbabaeffece352,1,credit_card,8,387.8
10d9871bed9fb8d0887d3b9022edd1ff,1,UPI,1,84.14
c108072ab31ec90a754129c171577f5f,1,credit_card,4,210.82
fc662bafa52d2ef16078f6f6141009d6,1,UPI,1,90.05
4217849b1ff18a9270fe048eabc4dc45,1,credit_card,1,67.88
795c16acb4e3c30dfa5b6827727ef488,1,credit_card,2,37.58
55e2d723733c45033e71cb4d44690234,1,UPI,1,89.63
947e9c6bfd83a06953c420ef92d3da6e,1,voucher,1,69.46
60e43c5f5ba559d9dd19357ed72cb2f2,1,credit_card,2,78.3
e3e9e3295f4e1512167c232a0aaae8a5,1,voucher,1,50.8
460d57443ffdcaeba240360239747cf7,1,credit_card,1,34
4cb51127f19f7254b320efe1718477dd,1,UPI,1,77.1
110d9355d6338eab0a65a0cacdde5434,1,credit_card,5,566.4
42f5954cda381bd032934ee38c453711,1,credit_card,8,402.42
3689194c14ad4e2e7361ebd1df0e77b0,2,voucher,1,57.53
97c111c4f22dfa1089a9c0b5338dcc79,1,credit_card,3,44.01
4b2d035932915aa9c2a0d4d84cd6d3b0,1,credit_card,3,187.51
e1b4ee0e390fbac1dec439d72b45a115,1,credit_card,3,77.7
fee72a68ce935ebf2939fe72f27d3d9b,1,credit_card,1,48.68
4d3bfdf4c7d6578ea445d588371ae10e,1,credit_card,1,77.29
4c2e1a95586c815795a324d1599e7b5a,1,credit_card,8,117.71
c9f23db8a1cb725df9bdb3383bd72b38,1,credit_card,3,169.34
8e47a04b25d7a7075064e8e0bd2e0318,1,credit_card,1,37.61
723e462ce1ee50e024887c0b403130f3,1,credit_card,1,13.8
fa2ea4b6e84c1c0fc4f3a6d468c55183,1,debit_card,1,227.12
fb1a2a1296f822405a946cbdfc0d3ed6,1,credit_card,3,34.78
198298d54f269d8c5fe89e85a859af61,1,credit_card,10,342.56
b19ca559688b49e8cf7f88c1aa3f0009,1,credit_card,7,73.34
5be8d4719fe2e3669e2d07dddf3b6b0c,1,credit_card,4,117.85
4a02e985c7239d866a632f07ed20d9c0,1,credit_card,1,48.62
3e17eef8a8bd0131c7aed90d7508799e,1,credit_card,1,53.99
f8d323a2702fed37f0229965f7e9f8b3,1,credit_card,1,51.14
de4090fd9b7900d46323b0c7c36b7128,1,credit_card,2,121.45
17e5131fe1d4b1a8dc14d4a66914f9d7,1,credit_card,1,73.34
20f136d890c31a62486c809f91a5b098,1,credit_card,10,117.68
557cc2675910c4a6c9b54ad276f25097,1,credit_card,1,56.77
d60a89ab9bc1e68834465ae630c3343e,1,credit_card,2,115.59
3ba2d0012b1f34bc6ccbc31c4ba69f93,1,credit_card,6,60.07
d46f45b0d795bcf47a19d301710e63fe,1,credit_card,1,27.27
96de2b7f7f3c401fbee3eef068376da6,1,UPI,1,32.15
f9d5bfb53147f381e81b89a848e26b16,1,credit_card,3,195.71
21b8b46679ea6482cbf911d960490048,2,voucher,1,43.12
e6670c9089973cc68e5b90b7d1f4fec4,1,credit_card,1,88.49
85a4fbdba48c815924115fb82330071c,1,credit_card,3,34.09
35525be13c4af8acae0bb6d13c27110d,1,credit_card,1,40.99
46ee6eaca194413758f200a6974b7e4d,1,credit_card,3,71.99
f49cd89d6dad6dd5759ecf15dfe4bb19,1,UPI,1,47
9acd1ccfbc6445c0cad9ee9ddb48054c,1,credit_card,3,81.78
83f24bbc4f76a2730ba9c9cfa32e6d07,1,credit_card,3,231.45
0b65284a1a74114ea029b7676fdc1ba3,1,credit_card,7,144.2
cf61ad2218e5c14397e7c0ba7a6a50f9,1,debit_card,1,35.14
243312dbb316253ab77bb0140d94803c,1,credit_card,10,285.79
8973a53fcad22a79e0ff315e7f9a0fd9,1,credit_card,2,176.7
f090de1b2ed9f4e251662cb31e3c7127,1,credit_card,2,27.63
2ccde1e4676c20b9444e2bcbed36334c,1,credit_card,8,134.56
0f4b5614da144989e2acc5291af24357,1,credit_card,4,96.98
1d92d2ce1ae2e0510b5ce50c5be578c6,1,credit_card,2,110.03
a490a5d59a9bf4ef3334bfd7cf1dbdfc,1,credit_card,1,17.78
60ead11db6b36221fe1424e330883a9a,1,credit_card,1,44
c51dcdd98e1c413f3d394ffcb4656ed1,1,credit_card,4,110.11
ea9184ad433a404df1d72fa0a8764232,4,voucher,1,22.49
8f936fb77c720ab9ccd618af38c885cc,1,credit_card,4,46.63
0fba53cb4e9429e38cd2750c32fa24a5,1,UPI,1,52.21
cdaa116d3c2521b4b6976043508d0943,1,credit_card,2,61.77
68d7420c86be23f313c81a554320f986,1,UPI,1,121.88
a5f860aaf6a3c35399495aefe92d363f,1,credit_card,1,75.75
f51e3c7f79d1e2c076acbb6af1588b95,1,credit_card,1,130.22
9184724aacd6a7da5bcf4c08c2c674a8,1,credit_card,3,57.53
8bdc559b124e47eb71b5d1be8d6675e4,1,credit_card,7,76.02
49d3db2a02106c24d6ef800bd8ad5546,1,UPI,1,90.17
c604ad5f1e0d0bcf9977cf46d1d72303,1,credit_card,1,31
859980aae511377b7230f72d90bfc580,1,credit_card,10,106.77
e2cd740333fe4585ead5c50c61edb6a5,1,voucher,1,163.25
55779fa8fe072d9f8c92d672154558f2,1,UPI,1,233.66
99bc267f49d76932cd195bfb2a94dd03,1,credit_card,1,163.08
0c99132c4ff916416ba8f74c378f1cbc,1,credit_card,4,135.93
66a4fa2d40fed98c34ced62496fdb1e7,1,credit_card,1,267.05
db43c1a570e28fe9da60a444e3616a2b,1,credit_card,7,186.72
82ffe097d8ddbf319a523b9bbe7725d5,2,voucher,1,30
f75666bf6c9e09f6b3f4bcd797b57a3c,1,credit_card,4,97.28
5e5d1342989d05440629e2162fa52d07,1,credit_card,1,48.61
14d9794bbb53614d12cc2df6a045f82b,1,UPI,1,116.7
a8c012ba7d95bd2d15f666681f19c146,1,credit_card,1,41.42
31f8013402a0749b3ab433b1aee11754,1,UPI,1,42.19
4f99d1a7b0d2308edf45baa6997ac961,1,credit_card,6,125.53
ca8f94a99a8120c559e416275a535066,1,credit_card,5,92.76
9bdcb4559b75d21a22fcd868d9e5dfec,1,credit_card,8,348.02
96cc8c42014ddb42a775da9a45ae3f76,1,credit_card,2,203.3
87f003dca70d4d22518366caf041e845,1,credit_card,3,44.35
f244841f5a461472de8de82f023b1371,1,credit_card,10,116.05
3597f6476c27b4e1cc2f58588116f8f5,1,UPI,1,85.14
242e24b7eaa9f48cde9d679f8591124d,1,credit_card,4,236.66
18259631aab7299bf25f83f5eac4c8d1,1,credit_card,4,220.3
14c0c0bebe2cd50fb1dbdee84fbae03a,1,credit_card,1,180.55
3b697a20d9e427646d92567910af6d57,1,UPI,1,45.46
55c0b6b41ce482c3f77407ef43fc6bad,1,UPI,1,26.08
53035288acc866ee15423b4293722b46,1,credit_card,1,375.74
845af9472cc76e66fbf445931b511755,1,credit_card,5,123.41
953b6636ab2347a8ba37a16770db47f9,1,credit_card,10,379.07
886b114d034f4ac1d39d964c1b2a8182,1,credit_card,10,2027.16
c61e3efc183db6b89f5556efb5aa8797,1,credit_card,1,45.5
2d1d5777f29a8ee6593cf90b85afb5b6,1,credit_card,1,91.17
aa600269bffea363cca75ad2d1908903,1,UPI,1,93.26
487c1451b8fd7347d0e80e5aca887e91,2,voucher,1,30
0a9716da94d89975e6637874280aadad,1,credit_card,10,165.96
65c863d90026e9dd4888e28d2135c983,2,voucher,1,50
62d9b911d7c56cf455f660eecb8ddd3a,1,credit_card,10,1002.73
279cc62fe9c5a9e6a7ad5a7536560944,1,UPI,1,116.56
e6ed38386107802a72ec8197195f79a7,1,credit_card,2,240.52
4a4ed9ed7922304a569ed850baba99c6,1,credit_card,3,33.13
3f5a1c29c5881cc9902ed702efbdde45,1,credit_card,1,213.9
1594012ccc1b0770373ce691d697e5ae,1,credit_card,8,362.17
2fe14af1d4563c0e76f382bc63c9a245,1,credit_card,2,88.72
bc3d816db1aa7215dbde5b1b00d3d32b,1,credit_card,2,46.85
67c8c2016ddabf0059783eb44e921f99,1,UPI,1,68.54
07d13d352c85dfbfa60dc56dea818335,1,UPI,1,32.62
b545ba7b0bd67a3128185c7214704319,1,credit_card,8,340.08
9d8065ae4c6f5725ee052d02ab00f64e,1,UPI,1,82.06
d9d104af1ea99e0b7f6b0644eedc74d0,1,credit_card,1,40.95
9e59025992bd64bc26551391ed44a450,1,credit_card,3,67.01
591083bc42b589c7052118aa83118e76,5,voucher,1,20
79b63d1f9cf0257b33b04fbfb0847cba,2,voucher,1,76.9
7327c30a5230ce07bc2c7a695d553a00,1,credit_card,4,40.27
3b9e43d6eba694f8a29c11ee67a04f2c,1,credit_card,8,242.1
1e6d912e4c63965bb9eccf0cc765fc24,1,UPI,1,207.24
57e4fc8f20507381b3f7abbe4e2ccda3,1,credit_card,2,215.56
d4fdb2be174c84a6409a3968c55b01c5,1,credit_card,1,39.92
e1b6234c322ab01a32771bf57c597043,1,credit_card,8,156.09
03afb3c10af52ddfa3c33b9881bf43f8,1,credit_card,2,131.5
c1b770015e27aaf2b475026989d04fe0,1,UPI,1,137.73
1a9b986cfe31ed59c5a6c00287db7e74,1,credit_card,1,31.75
66f249e4d7ab2f3872de7bd6d74719dd,1,credit_card,8,348.77
c79bdf061e22288609201ec60deb42fb,1,credit_card,1,12.22
648b4f683ccf074ebe65a73c8096dd18,1,credit_card,4,139.87
02951078a21a2d9341ea16089a4d5031,1,credit_card,12,257.1
afd0dbbab8e90d099aaccdd8ed7d5f26,1,credit_card,3,269.46
2ad6c6594bf0917a25ff8b8918d4b7b0,1,credit_card,1,40
774359a2a8b6be829653bae9390a0dd0,1,credit_card,10,350.09
332c6742772f2df936696b6512b10edb,2,credit_card,6,134.55
c385c0eba07c858dd60ffe00a60dda64,1,credit_card,3,112.73
d087b8e096ca051f548e29b324272834,1,UPI,1,72.05
5262eaeb971616ffef822379ed91896f,1,credit_card,1,0.67
52636dd3c039f62169b0eb724af63047,1,credit_card,2,77.77
aa7c35fd606f4275e267e859c6a84d0f,1,credit_card,2,26.68
caca64f71d73695719939294fa88c791,1,credit_card,1,371.42
fd1ddfeca967b94315642dfe5c7545f7,1,credit_card,6,225.71
fa12564d7462c9a851c79c301bcb97de,1,credit_card,3,103.79
9c96fac210f67f329b80d898001fee09,1,UPI,1,65
85e710051891004eca4f527adcadd0c3,2,voucher,1,69.8
11978d520d85578c9f024b99ac1a87ef,2,voucher,1,20.09
9062b998bfc2521b3978b34034ba6e1e,1,credit_card,1,125.41
31be75ffd0c4b58ca777e72cd2352b14,1,UPI,1,95.99
999d0185fdc3859e118a76c1e7d8dfe4,1,credit_card,2,25.33
6cdb86865449a92089579ea715e1c1d1,1,credit_card,1,52.57
50bf77081d0fdd2e57dcff0acf8fefeb,1,credit_card,2,145.58
d121cbcb7091fbd55ad0344e0f045982,1,credit_card,3,49.7
37fc44460574b368fe7933c6ae98f224,1,credit_card,1,47.43
3fff175860497ca456d60c90b1f2b797,1,credit_card,2,168.57
ae1126b6891f58552443772c80b1f562,1,credit_card,1,133.81
d56564f21e612a588607e9ffb39b9d21,2,voucher,1,1.23
068176c8a0550b07cddf7e05c8d55319,1,UPI,1,123.82
9488305b52042a978d3bf78cf94bcd54,1,credit_card,3,283.66
7a1ba14765ea354929894e667c06f386,1,credit_card,1,89.88
4b5648d8399ea47a4c323499045aaefc,1,UPI,1,32.38
52b5d339bbba7bd8f18ca836ab540227,1,credit_card,1,43.08
3a1a92434eae60a4f44ad7ebef65c3e7,1,credit_card,1,254.58
dc400373e624e9b0435847a79813c658,2,voucher,1,48.91
9f1cdc0e091b90e61836ddc009a60ef2,1,credit_card,4,48.22
d9952ada4955694cae66806b7d5ac6ca,1,credit_card,6,67.58
251d586514cbf0cace61e03c54a7bf1c,1,credit_card,10,311.18
0435b65bfd0a1cd1c48a82f5b405ea78,1,credit_card,4,154.14
6644170ea0130942cfb3064dce01004a,1,credit_card,2,333.68
7c3e71109e904d8e0c8d034456f87eca,1,UPI,1,404.88
881206af1a6a9cd34119b99782759dd4,1,UPI,1,44.77
f86d7bc39aab05299691322044b63bb2,1,voucher,1,1302.42
5f082a502d1fd6f19d32897c2c2cbcec,1,credit_card,10,645.8
27a7ac440630f9de788e4d66e72c6424,1,credit_card,1,186.39
cc1cc1d6081f7f07a16cc1a3e4ba0b78,1,credit_card,10,208.41
76b8568803f110a59ece4167463a4a7e,1,debit_card,1,76.39
51e88bc351dd268bb9c9e78d263c4a06,1,credit_card,2,67.42
a5b431090739891ac76875d9ad9bff23,1,credit_card,4,232.05
ad62ce74c314772d34c956d73fb305f3,1,UPI,1,69.33
a669137c06cc23b7962d63be3a2ad6d1,1,credit_card,3,641.2
da46439d7d06cf02cb44d0908ecc3575,1,UPI,1,41.86
d24e8541128cea179a11a65176e0a96f,1,voucher,1,50
1c67e99dc37224bf3ad220ae2368c068,1,credit_card,1,106.96
4ff8e28200e5a7a50b448cfaaf1f8ed3,1,credit_card,10,2288.31
33ebbe6b176d53190194b5b05cf69330,1,UPI,1,69.9
2176f1406c11f07dcdea94931730770d,1,UPI,1,88.08
08935d5052c6414b1960eb67796d01f5,1,credit_card,4,117.39
f553b61e2a7f6dc62c5f8de4ffb4a031,1,debit_card,1,194.91
1966886b80f14d0588adf6406afb0026,1,debit_card,1,68.89
f6ed483455295c6e7544f141244cd981,1,credit_card,2,151.51
bf951e41c5adb873b7fdcc1e83b406bf,1,credit_card,1,54.85
32d8aa395f9c9f357e1e3f7b214b9082,1,credit_card,1,103.68
b798fc527c548bfa5f069b5b29195275,1,debit_card,1,225.63
6c936253ed9ab81f5293da5081ba8a9a,1,UPI,1,39.6
dcec2b3be8c3d53056fe63381b2a6cfe,1,credit_card,10,159.18
90eaac01afdf4e531a70ad869e092c75,1,credit_card,1,234.43
a04639b53f2cbd1f77b63ed44168566e,1,UPI,1,44.83
97e8d3eb8f48e3610beed991e5f32296,1,credit_card,4,205.44
7cb79316d2abe37e16ec83a07afb2895,1,credit_card,1,13.55
7250e10eca3d7f71a091ac5752d3228f,1,credit_card,1,221.96
cf8ace9395d2ee06b4b513df8ba682b3,1,credit_card,1,52.38
101fa9bbc869f267953a48b0f659dc62,1,credit_card,9,131.47
24abd231b3f48073eb9bc660b3eea5fd,1,credit_card,2,38.06
bedff73fa5a137527ba9314cac93b7b3,2,voucher,1,35
808c4b75909ba91f23c1ef928f396822,1,credit_card,3,143.65
c1310d06e793969c9dfc72a433db577f,1,credit_card,3,86.73
9144181fd06902570ce9c34860652f55,1,credit_card,5,118.35
d189b98b9c4f5325db664c5455fe927c,1,credit_card,1,341.58
2e2dd1119ebf597a9c05d80b5d6eeace,1,credit_card,2,105.42
7354aed5e2d142803a8121059f1e9324,1,credit_card,4,68.16
ab85e3c92c828eb802fd91345e45d92e,1,credit_card,10,357.97
b80ba0f0c3d2a63feac0116f533cc6a9,3,voucher,1,2.99
f0d8a84693b073fa90c69667c924ff8f,1,UPI,1,92.57
35bf7f86bc7add201e5b6573052157f0,1,credit_card,2,68.35
56ba89857b4e6eb192108f310a81163b,1,credit_card,13,197.23
0f67e615d797da223ac5601b9b08b180,1,credit_card,3,153.67
440a666da55232dbd02bb270c7ac7d8c,1,credit_card,3,46.43
57bfb7a49bcdecb20d9dbb778d7d7590,1,credit_card,4,102.03
f6eb6190398bfb32871584bd111dec04,1,credit_card,5,119.45
6b58f3523e45f9838f702acbc21e2f51,1,credit_card,1,44.23
210a5f61a6a19892f81bb269863f4742,1,credit_card,1,67.5
009ac365164f8e06f59d18a08045f6c4,5,voucher,1,8.75
f1b7c83171b22e2babd61eb8501d58d5,1,credit_card,2,44.27
bb2d7e3141540afc268df7ef6580fc75,1,credit_card,1,37.15
1f31fc163d36ff823c54a14e947b5bc8,1,credit_card,2,114.13
d4c46523b1239f182b74fb0ea1c27f32,1,credit_card,1,396.97
88857d91dc3370190060f4b06041e708,1,credit_card,10,185.85
73596e67516934a7fe64cc6ca6d75545,1,credit_card,3,62.11
e9da0d015d8dbc78a000c0b78cc87728,1,credit_card,2,25.23
e6f98f32bf5e724269a5e9cb2529f2e3,1,credit_card,5,153.22
acd76a8508680cbb5d4c04707be03f87,1,debit_card,1,145.01
aeb81ccabe4f164a26e763cd5b07fd99,1,UPI,1,70.89
d51cbac21a49941976292ba004bf4165,1,credit_card,6,114.34
edb14cad806f8ea19a08ed06c26726a2,1,credit_card,2,31.38
6225c94031a1e372349fa17f1891317d,1,credit_card,5,256.5
c8e19a0edcf6fd34024a2f7fe5f85ef8,1,UPI,1,341.4
984c8458b4e17a487d85b16c9ce0f00c,1,credit_card,1,143.99
29aefbcf33949b65e5303167977e0362,1,voucher,1,84.88
ec5cf2317f5141a62836da8e71586eb6,1,credit_card,8,232.27
3ba1ccc3882bd7df61ee5030f44ec1d2,1,credit_card,5,194
5b2f1ff03b77977af4258e7cfc2ec799,1,credit_card,1,260.57
490f30e8fa50cb3ef01058c9ab43048d,1,credit_card,1,49.59
191a21c0a0934fdb7dcd56c6b28a8682,1,credit_card,3,196.55
a23c7a7d06f1f8e9f6e45f934c7e106b,1,UPI,1,245.94
621b8e90f6fd06a792af8bdbbaf64a92,2,voucher,1,72.42
e4fe84926e03b0030e643318464be6a7,1,credit_card,2,217.15
4801b9cf238c2c9098bd66a5f092c2da,1,credit_card,4,152.28
37c755c6df4b61c5b4cc40361ae57588,1,credit_card,3,72.34
d232a4685c8ddfc98307d91978aebfa5,1,credit_card,5,128.95
2d5b43766328f55157cae1e85e1dd475,1,credit_card,1,56.85
07a26b88cc90e93f5c9401de11a60793,1,credit_card,1,20.29
ce7cf6dd8f80dfb98716950ae40eca59,1,UPI,1,171.75
bf5099786cc9dcd17a4961c9406fb3f3,1,credit_card,1,85.82
4cc95216e51190048472a2baf6fa53ee,1,UPI,1,56.05
1c859fbb6e7f238f3f6134628b845f3a,1,UPI,1,26.09
5eca2113141f2c0e048b11bdcb7a0371,1,credit_card,1,41.17
ada812c7806382c3085a5f5024bc17ca,1,UPI,1,37.25
ad2e046d1a59ee49ddf9ae258360b81b,1,credit_card,5,135.13
9027f38fa8afb91a7ad77fd92abf97a1,1,credit_card,5,477.45
cd82b3b68f4843cceb338d860b8aa006,1,credit_card,2,440.12
6c721c8ce1b433e68655575af4955976,1,credit_card,1,67.7
e199c3b74cd391568e7c99aa28b0f274,1,UPI,1,168.51
94a71bedec852e752e86d530d03d6061,1,UPI,1,31.86
64d6282bba1a1c015acbdcacca391253,1,UPI,1,40.87
49f62326ab0dc444db19abf56861df10,1,credit_card,10,109.59
0e2b7e9ea88624cc24fe978983190dea,1,credit_card,3,206.87
cfae1e992eeb0f51ba0de3ddb87b33da,1,credit_card,1,134.38
99396be04e138247e9fc0528a62e0919,1,credit_card,1,56.06
c776863a93dc0740c6e7d78104b21413,1,credit_card,3,264.08
ff2debba53c9c8185f517f7b3a936aed,1,credit_card,10,240.77
7cf01fbc143d74367eedc9b9f8fbf437,1,credit_card,2,91.72
c8ea1ac95f4f994f94fb57e99dcca985,1,credit_card,4,49.01
c24a00c414738de9ee6121f179ebba9c,1,UPI,1,107.87
cee90a4ed9adb7e720e6007bcc43e4e3,1,credit_card,3,62.01
ddc5ef5f86c69f1a29ff3e05e3fc54ab,1,credit_card,1,36.69
dd691e4f12c592067339680ffc3dd443,1,credit_card,3,35
a144da15ca9cb1ebccf012a14736c54d,1,credit_card,8,256.37
ce70855bb79f7086da0e4974f7324ac1,1,credit_card,1,47.84
8f4be74e60d163c72a59ba577a642d70,1,credit_card,5,125.87
f26bbe1ba1d50321617831285d0fe62c,1,credit_card,1,42.39
7246a71d326111872bfdfd34f495dc4f,1,credit_card,5,117.53
e65f1eeee1f52024ad1dcd03447f7482,1,credit_card,1,43.28
d2ebd7492d92dfb6a5737ba33a58f920,1,credit_card,4,144.54
8e6df87600aae0285919b5529f7f0bfd,1,UPI,1,126.48
b45255a6696ebb8f53915a109a16458a,1,credit_card,4,125.29
bfc9f97fc7ddacf8a3c33c4b2bd15a93,1,credit_card,2,229.74
9d4fe519c77c087d5a1bd73637c5c6bf,1,credit_card,1,124.6
fb6343faebbbee8c21d59d4ae59477a8,1,UPI,1,143.86
2df8ef770ee7c12291ed7811f4f414c5,1,voucher,1,56.89
75450feecb51c39e54f4bd4c74b867e5,1,UPI,1,46.78
d3f44296d90a42d3ec4b52b18654e87a,8,voucher,1,3.98
87b8f9f472fb04cdbf53fb55a3591b5f,1,credit_card,3,72.66
9a8743fed3cc7a477eb92cb0ca0e7d26,1,UPI,1,50.1
d0e9849de800fdb4cb3b5e6d42c6b367,1,UPI,1,85.79
838411338443a817cfb4c26f0f7a9c9a,1,UPI,1,63.7
ce6d150fb29ada17d2082f4847107665,1,credit_card,10,1586.47
bedae8df4e37a65ccbec319872296b89,1,credit_card,3,433.07
16b6123f7077419424bf89af74e2d054,1,credit_card,10,642.02
e147052b9ecc00bf938f9e8581944207,1,credit_card,4,263.95
18dc026cdb7d39abde1489c336528961,1,UPI,1,134.99
06ff6cb289c9f1d1ccacc6764874e3c2,1,credit_card,1,57.89
4436eb8a73f08dc5c4ba8b1e5b96d290,1,credit_card,1,383.99
dbdcb70ae949e4cce08f59bfa7e4604b,1,UPI,1,159.31
fff7c4452f050315db1b3f24d9df5fcd,1,credit_card,1,756.91
ed90ba41c41da31da8e891ff43a584d1,1,credit_card,7,156.22
0bdb173bda4bf7e4109fe707c309252a,1,credit_card,10,132.95
5b7c6dbea3e21dc6314451ed73907c0c,1,UPI,1,48.27
47d051e89cf6490245136694a26a4395,1,credit_card,5,107.35
0cd19e832fefb17664d1a294b90ad192,1,credit_card,10,110.2
9786fe4bfc559809a4bc1a58b72e2077,1,credit_card,8,368.92
0fe5bc7345e72628330234915ed373bd,1,UPI,1,106.85
817e8b5495d2b31da82dfe5a89aacdba,1,credit_card,8,281.5
22543080a0066963931832c0df11b2be,1,credit_card,2,54.25
8ff5ec04a3f395979b2371a0a9ef4136,1,credit_card,5,121.78
257699bfe87de4eac234324e88db828a,1,credit_card,2,102.26
386a7bf9de133efa1516c4145330f3a6,1,UPI,1,90.62
a72d1276fd9d74c154120c3a11eba771,1,UPI,1,75.69
e74c5411558a7a26de918d23a07e1cef,1,debit_card,1,42.86
2b49d60af10ea7e2443376987ec8a184,1,credit_card,1,35.7
c047e1042ab337c92ea23d512b54c5bf,1,credit_card,10,444.25
a132f4bdf1eb9803546cef73ca7bd322,1,credit_card,1,69.16
683bf306149bb869980b68d48a1bd6ab,2,voucher,1,30
6df674fd09d933a85574460e32a94e23,1,credit_card,2,65.71
5795989efabaace15f06689b3ab3c4c1,1,credit_card,1,29.29
440b07cde0dc78d377c42d29845bcafd,1,credit_card,1,37.74
adc2f0c9fd838d820339f8220c1adf08,2,voucher,1,30
ad6137b47c7f7c1c621f4de13c3d5bc9,1,credit_card,2,145.9
f6e638ae1f17003aac1cb6dc6a93ba73,1,credit_card,1,79.88
c8f8f9f5df7a6ce2beaa9de85fbf8ca1,1,credit_card,5,108
1dfbde97fe9eccbac2db9ab2f3d45a9b,1,credit_card,6,348.74
6760e20addcf0121e9d58f2f1ff14298,1,credit_card,6,88.78
ac3143c0b6db91dd3ca4ab4d8a8243eb,1,credit_card,4,953.71
68051b9b65c4b30fc1252a2b69fe1d0b,1,credit_card,6,125.77
8a170c32858870f69d7a3477fcca9a4b,1,credit_card,3,64.05
242bc9216a7d8514ba8d435a96d63c3d,1,UPI,1,127.69
cbe9e2376e5d8de3c057ed58a638403d,1,credit_card,1,62.42
fe36a827e3e9e0a6f5e11b0be2055727,1,credit_card,5,55.69
a5fbd128ce1d7a0a314bb56704e0b4cf,1,credit_card,7,146.13
3be1b5820b7f93acc617a3b680f37c91,1,credit_card,5,349.99
5ad7d897998f9bab0176a1c82b7437ea,1,credit_card,1,91.28
b79a7395d3911e77688dfe966105a683,1,UPI,1,108.64
ef0beb334211d552bb4bbb9b43e60248,1,credit_card,2,158.98
b616f638cd86d92c7cbd06cf7484ee34,1,credit_card,1,20.75
a3670896f8c6f70396896223eb4ca8be,1,UPI,1,72.9
33f3e269b872b41e5f90b01a92d454eb,1,credit_card,3,543.83
6a26bd1a037993f1205073dbeda67db4,1,credit_card,2,67.12
c3fa73017c4a172907d79669eda248d0,1,credit_card,6,139.07
45da19cff07c4148ba32b1a6bb8d87c1,1,UPI,1,126.68
af045d3e5d7082db57d5b5dde3c0c97b,1,credit_card,1,41.42
ede510a059fd07ccec20bff19a227fa3,1,UPI,1,203.16
b4d7995506859f96187970c8275ee66c,1,credit_card,8,540.02
b9a8d194c52bcb022997d990bd402f7e,1,UPI,1,368.6
fa9ef315051f18a68686aca274ae8f2a,1,credit_card,4,107.78
94d2de9ad08d15bd3e714a984bd09bcb,1,credit_card,10,387.27
7711d25c50cf5322589706aaf0458117,1,credit_card,10,107.23
cf9d814ad8673ebdaec52528c1f7a7ca,1,credit_card,2,101.25
0930df388b21f34fc3f0e3baa9a73016,1,credit_card,1,26.09
cbb39c59f8084f27c248bd5c3a1cde7b,1,UPI,1,244.35
0705d1148d3c3d342f1a8c8ad33e5d3f,1,credit_card,10,117.85
415c8cb8b60f8371900c2abb3ce6a0c3,1,credit_card,3,171.32
35d75af8e37e575e033ae1a48c1236ed,1,credit_card,10,202.44
81c2a9cc7a5d970fa1cb04443002088b,1,UPI,1,73.03
cb666a5ed3eec739fae136c3da8552c7,1,credit_card,4,264.67
7a415e8280c3ae4d608481124c4f5d62,1,credit_card,1,68.7
bdd49e833a618b2e10096e4bd5725977,1,UPI,1,55.13
8543d2d86c69647af5e2d957c3d21b85,1,credit_card,2,92.99
e8f9288c671277ab525571871aef27cd,1,credit_card,3,36
38006c12e16c03c74e2eb3113e238e5f,1,credit_card,1,17.87
725bd1c01a213e4ac7999d74cc9da874,1,credit_card,1,58.38
20aa4f85b1ed8d98e5c742c1a003db9c,2,voucher,1,50
e11fec6c25945565c1ef4f14fc3c03b7,1,credit_card,10,1995.69
30f54cfb85a2cf596ee5b7a589d3ffa0,1,credit_card,3,130.14
604b550c04e61700ab7bcb2ac5b5ca53,1,UPI,1,710.23
8a0ecc540156c0f21f25d7bfd4e95dbe,1,credit_card,1,68
cc80504e2db2b7b744e2bfe2450c95d3,1,credit_card,5,59.51
91f377dafe157043ee827b080a27e3f5,1,credit_card,5,371.94
c75886866a89a0c9a04fbcd4699f3772,1,credit_card,10,667.99
fa625c35a56d989b379939bae9bc9b2a,1,credit_card,1,63.89
61792c6272346d7f4b7c5b1747df7b1a,1,credit_card,4,49.34
0913c46b1cafecb52e5a9a55b6c0e0fc,1,UPI,1,147
65bbd0719855fe808bb19f62dfa9f42c,1,credit_card,1,354.64
46c7c115d719ca780eebedf719fbd4e1,1,credit_card,4,59.71
83c55d64c56ad16ba3c0f7858cd709d0,1,credit_card,8,408.66
e899327a5964f4d29698667a231e6b9d,1,credit_card,5,51.66
5ff78652a040431e007c9349249d3503,1,credit_card,2,386.46
9bfe486cba6ba9af52af7bfe86ff9859,1,credit_card,2,69.54
8be031b84394ed99ee85be1985019058,1,credit_card,1,21.94
ac0da888b1077d0f40b33eea6de6297e,1,credit_card,1,52.34
ebee038c5993647eb1defc78207cd187,1,credit_card,1,114.25
c596d8640962b115481b374c7b881f6a,1,credit_card,2,162.83
394eefeb1d359eb230a22ba3bd68f072,1,credit_card,1,172.92
cccb62677b6ed93ec68f4428a0ad81ee,1,credit_card,7,81.72
b249bb5bc00cfbe2ce917a5a07c72b46,1,credit_card,2,151.79
c5bb91ea2129a21a4f424d356a4d28fa,1,credit_card,4,243.62
fd26702a3f7ee5d86580de591ff53e3f,1,UPI,1,56.42
22420f3718ef75dcddb4f03201096895,1,credit_card,4,45.13
019bdbaef5b5121c9b1811976aa510a5,1,UPI,1,108.64
e3c6bf3aad3a42c48ae9619ac88d0b3d,1,credit_card,4,64.51
aa4f33b236ebf41f573308022ef7496b,1,credit_card,8,193.5
ff5b7f440481674b38554434638beebf,1,UPI,1,110.63
968ce3e13bbc09dc91d26a2f0208d99d,1,credit_card,5,200.55
31026c762ccd760199ad552ea17e0269,1,credit_card,1,41.71
d74283a9b897322afe09916280aca43f,1,credit_card,1,54.43
c453fb0ec44f618a32abcad5c873d06f,1,credit_card,3,77.64
189ede25eb8522abcbd3592d08811f85,1,UPI,1,280.08
17b18aa0bfdcebddefdf2d7da5718181,1,credit_card,5,101.34
828c3114b783f896fba059433600c471,1,credit_card,1,77.57
fcf62e3aab276898567e4ab7e973417f,1,credit_card,4,60.2
a6afa7362f8ec053b0b61cdc8f1c8b25,1,UPI,1,48.1
940d83f3286808e4f8b1a7ac975b2aa9,1,UPI,1,76.02
238bcd7a2027e5f32fd185c264d73786,1,credit_card,2,84.56
3d7fb1dd6ff6f0eedb9976eda81e4a95,2,voucher,1,20
0f090dd2d83a9d755108584313c8208d,1,credit_card,4,48.16
60bcba6747ee878b9007f61275f4cd1f,1,debit_card,1,265.41
0ec392fc56b5d2e7e4279c19c51b6460,1,credit_card,5,127.53
96068d351a84dcea0b929884876e4fae,1,credit_card,2,128.73
c2f065051bb7c9e7f88ebc998f332968,1,credit_card,3,37.37
8cc7ecd8057b154fb9227536dba2ce24,1,credit_card,5,150.15
1fce50c1831b6809773e5020edc716e2,1,credit_card,2,36.16
3fbb598da3d544e640039c789df239b7,1,credit_card,4,198
f8aa20752115b536eacee3d561989f35,1,credit_card,5,112.4
5accb23a030458bbfb5eb669903f05b7,1,credit_card,1,35.4
689e8820798347950a2649f71c734bd0,1,credit_card,6,189.98
503ede67b27bbb1c7dca67c00af403a5,1,credit_card,2,228.6
87276b621cf05e7f2afee8be6c9721b6,1,credit_card,8,314.21
34dedd5cb5e0f12df565171392540a8f,1,credit_card,1,22.29
bea175d990526fa16d7d6d5ea071d065,1,credit_card,8,257.3
89ce68f38090867719b22774f8bf5861,1,credit_card,6,162.99
276971787e4550d908a7306c2fe79da3,1,UPI,1,51.03
0b3d8a1bbaa4e340e25adfd640f70308,1,credit_card,12,190.09
fb4c1eeef06c08acb4e63c9091ab5c6b,1,credit_card,7,374.24
9378b5fa3133e86bb44a365e66c24b03,1,credit_card,5,53.15
952241c48f34d58c23ca57964d413834,1,credit_card,2,88.2
93de8241002c099c87029b0362e5c0c9,2,voucher,1,25.9
0a629239073738043764cd721c8ab2da,1,credit_card,1,46.81
332e264249f30a888b81bffd7a84e03c,1,UPI,1,131.47
5b2e70f861de8953b06ea667adc2eb4e,1,credit_card,3,258.71
4f037f852cf9b1a96760775d55221c33,1,credit_card,1,84.23
1314353395f7148ba64400eab34bb50c,1,credit_card,10,156.73
1d5912d4e665fb2a085a50fc13007c02,1,UPI,1,69.9
ae544ab4fdaa9ad26ce17423e88b8702,1,UPI,1,48.13
6e8e751584b3e3141e3e3c39f71408c2,1,credit_card,6,187.15
290069e93a387bceb35f0106717ab803,1,credit_card,3,69.99
88a82da4cb2eb4723c9965285fe826c9,2,voucher,1,25
33c011fdacf02b14181fcd81f4b5ece0,1,credit_card,2,162.1
0cc14454cb400b7b154e0a45ffd5c2f9,1,credit_card,1,57.11
14d113827939e9deace0b2afb528f1bb,1,credit_card,1,154.87
8d6ed3e982e12a1684b31540309e044b,1,credit_card,4,236.81
474c0bedc28c30c7568c589c047b75bb,1,credit_card,1,102.53
d73f657ce49ec301ac81116e74bd0571,1,credit_card,3,65.1
f0ea851516ffb7fbea588f7d200e3d43,1,UPI,1,93.64
01e6f40a293da5a9dc11e49695c7541d,1,UPI,1,64.09
6eab6f37ff2d390d23be84642739b500,1,credit_card,5,279.4
3d40c6056f68e49782a7c576c8b57e3d,1,credit_card,5,205.43
d82255dd8d216b8577f8f2527ce817a1,1,credit_card,4,89.57
d2cb7c100806e87a227d413e9157cb76,1,UPI,1,75.07
7b88910a9e8c55290806a85af1b796a6,1,credit_card,4,63.23
c1219b88f5d48e3d0dd3229cbd88a722,1,credit_card,1,0.52
9c5bfba7de6a4abbb6ba0baab78d1622,1,credit_card,10,231.27
d4a27413b758ce1cea90d005252591f9,1,UPI,1,41.69
e43a8e7bb3db31ab15c10dfc9ef4e419,1,credit_card,4,69.41
85be7c94bcd3f908fc877157ee21f755,1,credit_card,1,72.75
d9b53f70b57a028c32d88455dda31547,1,credit_card,2,24.29
933cae52f81a96867c679e5251c0a7c5,1,credit_card,5,88.49
b308154c76f89d8c52b41f7c8480d107,1,credit_card,7,71.66
6519cf54b544974af32f148f9087f86c,1,credit_card,2,80.81
21b966a378471db65c18fa4ca20d6800,1,credit_card,2,132.82
caa275ffe24eb1662c6e22a43e200622,1,credit_card,7,394.07
08bc5baa3da6ce0746413cd9cf227e9e,1,credit_card,2,165.5
1d6efdc47fc22d96340ff4b18566ef54,1,credit_card,2,98.47
ac14a1a3d8c2b071a150eb2990b5ecd8,1,credit_card,2,49.77
f6879e8e12a44ceb4c422c23489a029d,1,credit_card,8,180.91
c39da54f19d2aa7b89667e4817f05629,1,credit_card,4,40.63
28156e3f154f44bf5cb8c3ee9978d332,1,debit_card,1,71.63
dd3d73f70b77e2a07f64360620621ca4,1,credit_card,5,262.94
a03080d29751000dd3e2eab48835af82,1,credit_card,3,62.22
09c681e9069e20d7f2ecd587151f1b88,1,credit_card,5,311.57
69796e4e03edbf9c0f49c76d4ebadb77,1,debit_card,1,93.22
b62880756e815882264069601458b5b1,1,UPI,1,100.21
9389b64e7d922e3b0c30f8026e418e64,1,credit_card,4,125.43
5d5b8c94e2bc6b963da5af8a4b02bf08,1,UPI,1,80.55
e6e5431f5c825cde6802af0f30bd8eaf,1,credit_card,2,373.44
92f4f749aa508d58dee50d9ccdb6c9dd,1,credit_card,3,62.31
4f22cd3d78d124f7ac060a3171493ef4,1,debit_card,1,36.35
5fcbedfee2eec6f8ecdcac610148b4c3,1,credit_card,2,29.38
6c949e670b5d33dc8fb8ad25b6da4860,1,credit_card,10,102.47
175ba47aad2d017d2495c66b763a7df6,1,credit_card,3,130
28ff0422d12a02fb62ae4c9f9e9317f3,1,credit_card,5,69.13
f0ffbaf1fe35a4a0565b047824341bc3,1,credit_card,1,86.24
1662797f04736ea5acb5de67d5672fcc,1,credit_card,1,74.29
aa7565b87e9b5f1ecf8b8ea7f745899c,1,credit_card,7,70.72
ad2b9f8531232554f31be87d5ea9da10,1,credit_card,3,199
9b871ac52352fe5c58010cad01550b6c,1,credit_card,3,340.47
20c75d31d2151bf4e0b8b398e64fb163,1,credit_card,4,48.74
2f54d4ac9b0df5774cfa7c1250c4750a,1,credit_card,2,28.08
efc0a4486f951c342875c6ffdeca315a,1,voucher,1,59.9
2b3ec451746cbc17ebae5c0b8fc74406,1,credit_card,1,166.29
4862027da7986ac571a0bd91458ec358,1,UPI,1,51.1
774b04fe6502917d1952476fd1f3dd60,1,credit_card,1,67.83
93b63d0bd99c903fae0f7a00b72b507c,1,credit_card,3,164.35
d2b0a763647d885d0d3db2ee534ec02a,1,UPI,1,79.09
470e4a0aae7ae6c3bb0aa161b7abf205,1,UPI,1,93.69
41c7307fb0238baabade48573331cb55,1,credit_card,2,59.82
141d3bf5aa7128f40bf2a60cef620b93,1,credit_card,3,159.03
4b918a356d581c76170acb5f5644e79f,1,credit_card,9,92.57
9da388551ea23281b9bb4cbf12376992,1,credit_card,4,42.77
92295e7114a22f7180b04673e44cda17,1,credit_card,8,453.74
ca376f8f4042e61688af8cfd32d4e80e,1,credit_card,3,234.08
d1c60fd7acd42b1d2e2aecfeff348b23,1,credit_card,2,67.62
aa04ee4542e835a3e6f4da876dc654c6,1,credit_card,1,19.33
66866953330f81976a2adcd51f603560,1,credit_card,3,143.18
de24995591633aa90ba93afa013ece1e,1,credit_card,4,112.83
73eedc4ca4a789813a63fe30856c805f,1,UPI,1,85.92
984cefe3260707e1f6fc38b18b2b276c,1,credit_card,4,102.05
44f9bb85e9dfb3f106dd017fbd8b8006,1,credit_card,3,134.12
63003bf6e2058e236f3f9ebb2872b234,1,credit_card,1,112.13
4277cdb7e2125bf7bebcd908168f90cb,1,credit_card,1,70.75
a1092ad981e90f68879726e1c2c0fd63,1,credit_card,7,77.6
8f9b2d4a6cd80dc716a380365561a133,1,credit_card,1,197.04
abb045c9c602e1ea87376929b298b52e,1,credit_card,1,93.18
e4e0b1913652739070617b6a336a6ca5,1,UPI,1,44.72
71749baed4a3e47f47aecfced7c70ec2,1,credit_card,1,26.38
d3454c86a9d5b5a519364756eea7e275,1,debit_card,1,149.14
dc70f94b8e8d37fbd4fbc0e31a008175,1,credit_card,4,106.32
de1f470a407aead094cd885293ea9ba1,1,credit_card,8,246.96
64e64a4dd77d71d6bc307f24af1e55ac,1,credit_card,1,22.29
ccb78ed7a1acba9d251c8626f13097f5,1,credit_card,3,57.48
54b73f808b0ff25da4276773c30ac269,1,credit_card,4,105.28
6ad99bac95eceb8ee72b78585c5baf88,1,credit_card,8,203.54
3e47a8cc66024053901d7313a7d2a0b7,1,credit_card,2,330.4
a9096f7f0b61e8a65ae29ece51a43d03,1,UPI,1,108.68
16e62e9da7d33d61b6f26ccf68bc962c,1,UPI,1,415.93
73716792079a3819a7022fdf6500f9fb,1,credit_card,10,314.21
e6dfc4ce09d6557361948d3648ccb670,1,credit_card,1,206.08
8065c72fce26b871dcba7ef49bebfa48,1,credit_card,1,27.7
6d0da5add693d625079fa8fdf40967d6,1,UPI,1,19.48
0dd13170e2f12871b1e007e5fcf6e944,1,credit_card,2,121.09
c283d7942d2bbca2c27a9c15ee2a390e,1,credit_card,1,206.76
9e685885967d3152a558f94a355e3b6f,1,credit_card,1,142.21
a1f7a3803f5afa1b25182cbc0b2c38be,1,UPI,1,73.34
069872f35a2ed2d455f9b64e914dd4bd,1,credit_card,1,72.62
d6dae36830ffe3962efff0e91cc64127,1,credit_card,1,86.24
0fe66ba925b98652d484ad6af89402e7,1,UPI,1,230.1
83f897bfa5b1f95356e8c9a33679cb49,1,UPI,1,206.14
92e3a3bff7261e031fc2901b229ce73a,1,UPI,1,212.73
9b6a1b8bf017b64d6ff4d7fe7cd88f1f,1,credit_card,1,94.82
816b15129b14c066ff4f5755938aefb0,1,UPI,1,126.44
fbbc0a864330509c41ca4b4f0ff9b780,2,voucher,1,140.08
209addb62d4e3c8c3e8b364d841b4d58,1,credit_card,1,68.87
35d71bd32993bd9959f7eefe1a5a0f4a,1,credit_card,2,87.58
b790fce1eff8be3c9ff35c97cde2afaa,1,credit_card,10,305.19
05c5f6468206cec16a8c99f231bbbe86,1,credit_card,5,161.88
2e69eb402e990dd7df2f12806dc38a4a,1,debit_card,1,88.08
f8b1f5bc1c01359c4cc4e611c257ff2b,1,credit_card,3,92.5
18feb354fd368bc9d6cd27c5359e2243,1,credit_card,1,43
f5b3d7bf340b33e9fac5e7f314525614,1,credit_card,2,116.36
4fbf4b4d08900c34f81e01ace9d3f294,1,UPI,1,64.48
d75cb3755738c4ae466303358f97bc55,1,UPI,1,37.69
ee482a8248d67e42aa1105d14a941a47,1,credit_card,2,150.52
347610961383f5990e1d0ce3fd0afa5a,1,credit_card,6,314.3
7f058780efeab68414ecad1c0c43d0c0,1,credit_card,8,396.35
900fac51d850dfc38fceb9c413441c67,2,debit_card,1,98.33
a83755325957c8eed972dc614210922e,1,credit_card,1,120.92
407408433ee2a9ed77984aa5a06e2b2e,1,credit_card,1,76.17
f41fbf3e30f0f79822348910ca2009f2,1,credit_card,1,104.43
874a7690bc049bd4ce210d195bdfff7b,1,credit_card,1,105.94
c3efd4a2e8fb35fdc26a1312de8e2ca2,1,credit_card,3,110.04
a65211639143a90d6cb4116d808b1823,1,UPI,1,730.95
291036f4304c5fb0dc3965044f4a4605,1,credit_card,4,128.77
84e18f4b5b541150af97e94f3cc0b2a7,1,credit_card,8,82.1
7c95572fd6e7e0ab8b88b00fd8c70716,1,UPI,1,53.39
d85a98bb9881eb52e0efa5e9ddece3eb,1,credit_card,3,61.79
48ab980d180764382cfa411d2fb63dc0,1,UPI,1,86.83
2760fc9dd1ab8d8e9269d4d9f7ee48f6,1,credit_card,1,45.3
2299befc86b7b31fc23dcba911582355,1,credit_card,1,25.5
0fa927b252421189a0e0d5725fb3832d,2,voucher,1,103.79
197be0df90e5b459a14669e32c8ce1ff,1,credit_card,6,114.28
531752ff49fa411d865ecde8cce5c7ee,1,credit_card,2,57.78
c137d955d66546c460453c13ce560ad4,1,credit_card,1,124.15
0d4bf86877b0763d194d50ca6a136bf9,1,credit_card,3,64.1
906f47e5cb0a80530bf2e789e6e6a0cd,1,credit_card,10,179.92
219fda9e83f9a3ac8e1baa10d6cc6366,1,UPI,1,40.01
065fb1ee0ec59ea0a68b3105a59a69ce,1,credit_card,5,104.27
d253842de8c5d6f95feebe80f6f6995e,1,credit_card,8,307.96
5a409b9e0ab85bdafd5a5b75f4571b7a,1,credit_card,2,31.29
7056ed3b6f11b379db7915d1f6a69ad9,1,credit_card,1,38.13
e3c4a1f61400e7db82ae759cacedc9a3,1,voucher,1,52.01
067a8c6d7efd34e3595ef4bf1500c766,1,credit_card,1,35.05
49549ed2d115e970bfb52d517fe0e91f,1,credit_card,8,186.49
dfa57a47eb4b524966a891189c893d04,1,credit_card,4,99.95
5fd03333c4c020a7eff08e6ef26ef8cf,1,credit_card,4,215.62
c627fe35fce1a754bc5b812d0b8ff379,1,credit_card,3,206.2
ba7243ecb3b63c80579ba1d4c34e277c,1,UPI,1,55.06
c943bc78c323d9a46208210c587c2ce4,1,credit_card,1,21.04
6d60fdb8565707824a98431255d3183a,1,credit_card,1,26.45
73ffc7dbf151bdb28ff40c4206968803,1,credit_card,1,127.53
3f4870bf4008a2351a4855a865c454c7,1,credit_card,10,223.14
90932f88aac7cb89b8de1b8635b6d393,1,credit_card,2,56.41
1857ec1a182661136fe7584592437d51,1,UPI,1,566.63
52fe09ed9b59f3ee4be7b74b990d13bd,1,credit_card,2,39.41
12ab522eccaca7c7be0e20ef475ea423,1,credit_card,6,148.64
a10e6749400b3ea4a674cec3fd3a9605,1,credit_card,4,64
3ef8344e342218131639ab03da0189cc,1,credit_card,3,151.09
174fb39de9de15c80ea4076ba0cb6c83,1,UPI,1,93.91
c8584f2a0bdbf0ac38e859a8f7744039,1,credit_card,2,71.14
539a1383b0bd9b963044945e607f1aca,1,credit_card,3,188.06
9b790ca446b8e28ce5e4382959f6b7df,1,credit_card,2,257.21
82ee69216f11b23e2d21d2796e079366,1,credit_card,4,692.94
bd0f032970584aa4a5b78947cb63e455,1,credit_card,8,181.1
81bee7ecbeae8e9b41bef6d41b146b12,1,UPI,1,202.26
a45007bebe435ae6fb3637ede777476e,1,credit_card,3,164.15
5256aac1d939c4bbc931cc7c1c78a419,1,credit_card,10,137.13
9c54a1816e487456bb7eb5082b9823ff,1,credit_card,1,2.01
048cc31326007f07b576b46beddecc12,1,UPI,1,272.58
6ad6a8701a498c74450b0876eda2ecb9,1,credit_card,4,87.36
68986e4324f6a21481df4e6e89abcf01,5,voucher,1,16.54
774189d7c5cbddd496b190c3c0f9de56,1,credit_card,4,234.19
4c217e3cc24f803307dea7d619377def,1,UPI,1,86.37
36963a629da6c57d926df8f37a9e63a9,1,UPI,1,33
37193e64eb9a46b7f3197762f242b20a,1,credit_card,1,10.89
ecdaf77dd1a8f3bbb92d88b14869b2f9,1,credit_card,4,84.14
4c17c523dc7daa9cfdfb327f119179a4,1,UPI,1,43.28
4197f94f8bddd171804b1360fa78d368,1,credit_card,1,47.95
15d2ed1b88ca436faafb7d7236dea795,1,UPI,1,76.08
a8ff452116db2ff4a2963f490afe5471,1,UPI,1,104.37
4495f1b55b727a6ca639505afc688e17,1,credit_card,1,69.61
2f9892eb8df4a437d90cc5b1486f3b02,1,credit_card,3,121.09
f6cc5ac0be9196f2fb3db04bace5cd8b,1,credit_card,7,238.65
e1edd95bfd88243a6d6b774d8aefe535,1,credit_card,4,181.59
a1431d521cd6c63636bd85cdad970498,1,credit_card,2,135.26
972c2e78e9af23a750a48184aadfca4d,1,credit_card,3,51.09
360787554f41824600bdcba9687cd4f0,1,credit_card,3,1783.44
b0cc2434ee3727e682222a0f745a5948,1,credit_card,3,145.01
f75517cfb973c21eab8559a870263794,1,credit_card,10,231.27
d022bdad33a575ca5edb8c4d51e44310,1,UPI,1,70.03
d1ea13fc1406243e6f6134582bf1bbc5,1,credit_card,10,1432.92
43b2b04bc7aba79e72acb260d116466b,1,voucher,1,45.24
3bfd863aeb764ee13e7a3909ca8be2a5,2,voucher,1,50
4f54cd2c8e8986790a962e3657390e1d,1,credit_card,1,64.01
c51937c0ea3f397cbf08be8fbdce3730,1,credit_card,6,148.18
9bb824ec73ee38dbbc585f3bba4b34ac,1,credit_card,1,171.53
b8188e1985fbf9e2b94e3a0b64d58074,1,credit_card,3,86.15
3f72f100dae2b5099ad6e5a486e95ec0,1,debit_card,1,22.79
5600c1fabd9c27cf4dc4a3aaf57a8e29,1,credit_card,2,58.16
b9a089706e16d5490f7a2feb363e32e9,1,UPI,1,149.42
5979684d63c8a62e550943dacdd1231c,1,credit_card,1,44.53
8d0b3f3857cad208492c3819a7a00d19,1,credit_card,2,152.82
869e47849cdcd2a24f33ab52accd0e89,1,credit_card,8,82.92
6902f0d9d7309f56f50b8713c3b6a4de,1,UPI,1,66.69
701784c754c8ac2e2a73dbbe7dc3a363,1,UPI,1,52.75
2c9d0e7a53245b11b39d47e84b3d7ac9,1,credit_card,5,105.94
0132158c30672a8c52997a2492613ec2,1,credit_card,8,413.31
460bbd1de438f2781234032226e45461,1,credit_card,3,112.09
9b92d4432c1758cd4215f3fdb1d623a3,1,credit_card,4,186.36
d6b7fe0100a5ed0711d0682fc1ed7819,1,credit_card,3,165.22
d289934bddf878e1cac62c95c8ee5402,1,credit_card,3,49.02
fe87d4b944748f63ca5ed22cc55b6fb6,1,debit_card,1,173.68
394959298025bc7fba4b9a6818907cfc,1,credit_card,2,205.07
fb8d6e92e3a08fe6485d4fb08d23ae0e,1,credit_card,1,21.04
9c0bd8cd0fc8231ed50c066058917360,1,credit_card,2,132.68
f947132461622a725c4661c580ab80da,1,credit_card,1,36.09
ee00fa5093eb96d8573403b382fb60a8,1,UPI,1,66.44
a38d122ad3e07ca8d13e4a42059b98d2,1,UPI,1,161.62
ec89f64fa61a8186f474cf0a903fc4fa,1,credit_card,1,27.75
2c283d6fe3628e20caec652ad3703c7e,1,credit_card,1,91.28
cf014dc8804713618176fc95af41b221,2,voucher,1,81.93
88889b5ed13afaedce4894ebf3cb6f46,1,credit_card,2,167.92
2f92b812fd7c7df5b629833c484cdf1d,1,credit_card,1,61.36
270f00466aae4f41f010eaba2da31425,1,credit_card,2,60
d790743eff8a57ec6b1bd64865b8c60f,1,credit_card,3,39.01
8616397296bf3ac1cc07c21a5c457894,1,credit_card,3,39.78
ccdb48549002b54a62ba6d41ee492980,1,credit_card,2,64.23
6de0a6791e7af4ed0514498e5100370b,1,credit_card,4,186.92
9c440fc86e36452b4288efbf2d65dcf5,1,credit_card,2,43.29
8d3a0426fb1b51bacd3297517f48b0ae,1,credit_card,1,59.13
8effe67a72c715f926a6dc1a616a5ea9,1,credit_card,3,33.51
56430e0b9968b381942760e433583b27,1,debit_card,1,33.1
493c6b85f2b1911ffe31be7e8c2839c3,1,voucher,1,148.06
6ea6f5d85441b7bfcccbc44e082d02e3,1,credit_card,2,189.56
1634d04100d187e0f985f2eb2909cba1,1,credit_card,5,105.38
94cbbe30434a51f71837965608aa41e1,1,UPI,1,69.06
6eb1728e88c8db6cd1846dc95eb80572,1,voucher,1,85.24
132f1e724165a07f6362532bfb97486e,1,credit_card,5,179.46
ca29aec188eb04a764fce98c6f69232c,1,credit_card,1,168.35
9e8d7ab8137bcd3cfeac577dddf35592,2,voucher,1,100
12788af294f51dd5ba2aaed208a45969,1,credit_card,1,77.89
b0b61472cd1ff0e9f1450c6ae4c8d5a4,1,credit_card,1,99.43
63c5f492ab4ee6c249acbb4cff61ae3f,1,credit_card,1,407.9
8ca5bdac5ebe8f2d6fc9171d5ebc906a,3,voucher,1,15
6c98fa39891b33399785aeac3d7ee926,1,credit_card,2,424.04
25d919c7187a3f82b5437023a5e98e46,1,credit_card,3,157.2
7dbdda97c8aa87c003f73602c45e4f90,1,credit_card,4,162.03
88c9df242e26c36482168acfc3d250dc,1,credit_card,8,188.5
6bf0f652ea13e6773172c1899a925bb4,1,credit_card,1,65.47
99e34b586d1fa26ea713021ff647d18d,1,credit_card,1,39.42
c74e4862507efb811471cd922e6f3529,1,credit_card,5,365.32
710770cfb61b2c43a091ab2c7b89a921,1,credit_card,6,65.11
73c21d26eefa3d24be02a149b9e69017,1,credit_card,10,188.34
df339f81c46dc0bf186cb6307d7cdb6a,1,UPI,1,35.4
6eea8cd99d26a8bbdf39d5289e4e7601,1,credit_card,10,590.72
3ca411651463b3a30f194126a1d6fda6,1,UPI,1,36.75
1475652ad485c6469bd02393c70fdaa9,1,credit_card,2,81.73
8c53283eca3bc0e603a48f2b8725e96f,1,credit_card,1,17.86
3615e42c9ff6c0d9bb86e14c6670d965,1,UPI,1,108.97
205587440f824c5e5d7bc3bccb63aa15,1,credit_card,10,569.66
cf4eff954b06c19d96be7d6792a1da3c,1,credit_card,4,48.13
a6e963c11e80432334e984ead4797a8b,1,credit_card,2,63.1
5718fc130d653929872f0481438d3f66,1,UPI,1,39.42
ac033ca6c43caa50310de844a7868c8e,1,UPI,1,74.03
f03c93c7441f0edaa7987c4313467110,1,UPI,1,66.78
524ea0422eabccf15e4af385f6b153d6,1,credit_card,1,36.59
dbcb89699a4736bcef1373eb9d8ae5d1,1,credit_card,5,272.64
6365be88d51d66dbac002c738a56bae9,1,credit_card,1,64.34
262509218257310f675994ae58ffbfa9,1,UPI,1,49.05
67976860fdf683e7bdb13c4f907a982e,1,credit_card,7,163.69
1295db8c216f7ff7a2c02a66b4cb5d5e,1,credit_card,6,443.85
2d824bac66ec7467745b2defcee22c1e,1,credit_card,6,165.31
e41e5861711a10524b80a63d022ae776,1,credit_card,10,1180.51
d21873cfa21e689e4dbfd43a99326424,1,credit_card,1,706.84
4a686b47e7eecbd136617bf8ae7c9af4,2,voucher,1,20
76c025e93388599ae9e136363ee1c00b,1,credit_card,1,135.97
30bf87367ed2e63f68bfb5aacdae279b,1,credit_card,1,56.99
081e5884f403fbe66f3bce77c72c9230,1,credit_card,1,43.58
aa4cb17e191453bc29e2d1f67f38a4ab,1,credit_card,4,48.15
76978d31d8e911d947c1c80c193e116d,1,credit_card,1,76.87
0b365bbd59e2f75bea276c81bb916dcb,1,credit_card,1,2.78
6e60346a3ee3876c1e4bc89c597ffcb8,1,credit_card,2,123.59
c1d8546e6ed294dea3203910c9b0e7b5,1,UPI,1,128.07
055f84fd2ebf314ebec85f8e1312f4f4,1,credit_card,2,185.84
3d965a3a3a9aae822a8f40ddf0184df1,1,credit_card,1,85.81
42ee4f991900767ba353278c7c4f4df3,1,credit_card,1,149.54
ceddc11f4f78257d0fa6750091d378b4,1,credit_card,1,32.38
7b8ad11294a3f23e9695000ab5f07a42,1,credit_card,1,23.38
b9d5bea267e1dd6838786cc12ba40ceb,1,credit_card,1,98.86
de43e0e00259ee7b44c7a11e9b5d114f,1,credit_card,8,124.21
3c608a571543f2f2b96f2e6cb3a2d10a,1,credit_card,6,191.58
3ac963599c50b9beedbcebb47eb33af9,1,credit_card,2,123.04
f53fa17609006c9c6669b5371ce08044,1,credit_card,1,26.38
d1e7343d9fea35ce6330478c84f0fb7f,1,credit_card,2,71.49
8edc3a87d7a72e4350d65c9e1c613089,1,credit_card,1,153.98
6b64cb311a0d5baa18bc37ead02d657c,1,credit_card,1,55.91
c124b224a2727ecb4e7c9a378a936d0d,1,credit_card,6,86.06
64c9c64b12678438c07b5ec6cc785976,1,credit_card,1,33.1
79e5ae80172f5697f2402439382f2d77,1,credit_card,10,360.29
90024aa5d3878db3667cb0ece7f1aa08,1,credit_card,10,105.24
f44117f1303c4e6573d463bdedff85de,1,credit_card,3,114.85
7db5f2eb8f5f54db9f9e71ba4296bcbf,2,voucher,1,0.01
375d01d18f644eb19328130122fcc9ef,1,credit_card,1,65.57
7699e05f3c451052397a0248cf24a821,1,credit_card,3,88.9
068ef03abe39323450b52f486b34bf3d,1,credit_card,1,76.78
edf2c3d6395a7bf3fb1f35a9e919a88a,1,credit_card,10,680.96
816ccd9d21435796e8ffa9802b2a782f,5,voucher,1,27.91
33ce126846ecce9afdfe8f1b93551928,1,credit_card,2,61.79
cc69435b3a477ca3247cc9811da7f589,1,credit_card,1,40.96
6b56339f54b8363a200c6814ae732846,1,credit_card,2,149
f8c6dd2b68a916d939d46cb98af8fc49,1,credit_card,7,75.7
44c5dae14c55309b097d6c510ef1a986,1,credit_card,4,356.9
6893c7e3a051e9d94a2bed6777355f2d,1,credit_card,2,165.96
54066aeaaf3ac32e7bb6e45aa3bf65e4,1,credit_card,2,61.19
d10d28ad0c77f6e4e64642c7069a9f80,1,credit_card,1,43.37
1c79b6d729e3237f640dcf981b468fe8,1,credit_card,2,40.86
e22da8f5aa7c1414020c647664a8483b,1,credit_card,1,84.81
e6a66a8350bb88497954d37688ab123e,4,voucher,1,8.24
5a359fd847978055438c2563b425d343,1,credit_card,3,191.93
9dece38ba34c2b0050efef28e85d7bde,1,credit_card,1,32.72
c9677a4babf96837ee697317b7963a92,1,UPI,1,32.77
5cfaa2e60887ab4aed7d4e637efe2156,1,credit_card,5,50.5
4c1cb7f4baf46ea807d4e65bc0494dba,1,credit_card,3,37.05
482df43f85d48add2d83b40f3737062d,1,credit_card,1,70.36
f057e285395efbc0c032cf9e4ccfd146,1,credit_card,1,38
4eecbfcab9ec27fad7e24ac94f9a032b,1,UPI,1,196.81
5429402f55e24651d38a030602f4b50c,1,UPI,1,46.84
cc58d2040605eaadced18735aef5bbb0,1,credit_card,10,367.2
aab0a15c4d4fd11c8b5c5827d567f202,1,credit_card,4,195.36
a0f3677ac2cfd35a8d76f4a26fb29a95,1,credit_card,7,144.8
69ab7fdbd887d055b05826a8cc5591d7,1,UPI,1,28.62
0ad81eec70d65880c30299b73ac7945d,1,UPI,1,160.74
fc6e9a6cd6985d3d454cccfdfdf66931,2,voucher,1,103.59
88222a046146c4aab763e90b35ab4799,1,credit_card,1,10.39
580b08c73a274ac48d8e8c24d6364f2d,1,credit_card,1,31.75
de87be44e83ebc323acd6d4caec3ca57,1,credit_card,5,116.23
6f393015477564624446a2b4c948c0f0,1,credit_card,4,40.43
1d50a1ce4cf6a22155891f66fb4117b0,1,UPI,1,66.64
276c36d0f0218b24c09343edf53cb98f,1,voucher,1,17.01
750ed62dff96bf5713b8c6a6bbfdc948,1,UPI,1,189.96
b667484df2bb8bef1e61788f1c7556f5,1,UPI,1,170.37
cb5c4ea12e93c16a94c2bf3dbafa0fe1,1,credit_card,2,50.9
6e2b63d5084b319e8d72270b7882e119,1,credit_card,1,133.64
c9721963d4b95316401d2d75621f353c,1,UPI,1,543.29
af090d1b9b5c1f684bc6a48f6525e97c,1,credit_card,2,42.75
8a08c6b7d01513f42c76604beded88c8,1,credit_card,2,161.01
2dd8a69d1eb8ea62bdddc073c4e80ab1,1,UPI,1,72.83
e2c195168dcfb7f5465c1b342ac094ee,1,UPI,1,1605.14
be8ab651d9a385206918a02d21d0cc33,1,UPI,1,130.6
4e27ad7f1a6821ceddc8442eb1875014,1,credit_card,1,69.67
04031f8b12339dcc12fa340fe96f00a6,1,credit_card,2,70.97
675d6533ed09bea158fd932431474b82,1,credit_card,10,255.76
8ec26dd02af502c1a8210efc0bb02c0a,1,credit_card,4,75.4
97d27b60de1ffde7559bfe762230851a,1,credit_card,3,109.93
dc282855b102a2d5cffe41332d73c196,1,credit_card,1,71.14
91e725244b1ed72249f35430530e8bcb,1,credit_card,3,113.33
b34f86c59a76bef28aa32825ab4370f6,1,credit_card,1,292.86
8ef3801f58da6b652a3082e1fa5b6589,1,credit_card,2,129.15
44a9041df78170974aeb1d2084dfae29,1,credit_card,7,177.67
2adb88df15a33d97f2990e59b1745820,1,credit_card,1,27.48
9a99c1f97699ec839f7966eb7c7d5afa,1,credit_card,1,140.94
f2ce3b8d9c16e475c92d3c2d51809cfe,1,UPI,1,23
66c8dae0eb958ee945dc71efd0a99659,1,credit_card,1,49.09
e08878ad70acad81d0e90f59e56ce9a6,1,credit_card,1,84.79
ab77be4cf9bf132ca4d82049e786e528,1,UPI,1,111.02
3307fa374be3286d440dcd94dd5d2831,1,credit_card,1,42.44
6a2979d48eda14bfbe2d632638ae16a2,1,credit_card,1,210.56
bf897dd4378248fd6947e04c4d434dce,1,credit_card,4,42.74
2fd35ca971609b8f8f878d87262e6fbd,1,UPI,1,50.1
90181a7780a0fa0a32d7449931661c2b,1,credit_card,1,67.23
f29b2ca058a4371e9c8baaae26e7e1a3,1,credit_card,4,46.66
8eb40d0d6303f8fe16dad09968248c6e,1,credit_card,1,201.05
e95a9cf427d600b905017685d47e21cb,1,credit_card,4,81.47
0c4c42e7e040dc423699b1d019b684e1,1,UPI,1,79.69
20b44662cba0e4e87a3d794343c1076c,1,credit_card,4,45.12
2bdd95b017c58f97f4e735116e778d28,1,UPI,1,250.04
3663b949b55f8b8025f32210ab79cfc9,1,credit_card,7,108.88
b6165efbad3f8539e365b9ae5a2f3c44,1,credit_card,1,189.66
026a69b8c98fbfc61de9050c41f1dd95,1,credit_card,3,135.47
25e8002575a945e8d4ae84ca208daa50,1,UPI,1,104.07
5008e6358df7e92655ca078e3f41b8a6,1,credit_card,3,184.08
2d609a52d61c0a90d5e88a143630bc7f,1,UPI,1,164.01
6424ddd05ffee73de1df9f8f9d1bfc25,1,credit_card,3,91.21
530ed5c74fd86562fe50456702b65599,1,credit_card,7,129
0d80282817c88ed77c05a7e4f72dec4f,1,credit_card,2,84.28
18045b4512947089463f5efbdaa3c341,1,credit_card,1,57.67
ab23407c84b934f452124bc5b5453123,1,credit_card,3,97.79
767db3d915db881b9f47ce8ac08daf63,1,debit_card,1,53.9
943124300f49c04925947c81838ab67d,1,UPI,1,35.09
cb161f108a2062a82651fe528b39ffa7,1,UPI,1,218.04
8533051a3ddfba857f39aa28d5b7a8f1,1,UPI,1,67.93
e7fbf44c317d9ac6b87b0330fed92f1b,1,UPI,1,40.53
73612117a85e3e65d7ac69f7e5df1540,1,credit_card,6,97.23
42ed2aeb956c92e3c3bb6933ecea1d89,1,credit_card,6,159.39
dd6644d86c2b8177a9ae5f51bbf7b82a,1,UPI,1,167.07
c659935fdc19ef6b13aa33fb990a2f81,2,voucher,1,50
c1213e8146aaff37acf16bfef1789d75,1,credit_card,2,93.4
363524b17966c3a64696d5a68c5f4d34,1,credit_card,4,276.11
55eda25190659fb615a61fbbaa14013c,1,credit_card,3,149.16
107f069fdb62a9cbe252b043323e4e32,1,credit_card,2,175.13
347bf2a6f72b7c7650838aef5cd546be,1,credit_card,1,143.99
15623f35d6d5eaa2fcd185a613927e86,1,UPI,1,131.8
7cb67275a494651008ed5b1f0353ddce,1,UPI,1,88.54
0588a3721b3d0a1f0b549fb84fd9cf10,1,credit_card,1,109.31
2c9802d8dcf6a98e04bc7dc09cb33c65,1,UPI,1,63.05
f258f1bbb090cc1a4c185540c7038332,1,credit_card,8,353.29
cad2acef57f845758b7d0da4ee76a3e1,1,credit_card,3,276.44
b0a2019225451e417b6cc92baef9fc8c,1,UPI,1,45.95
46ac11dfb657fb82eed780478f2936c7,1,credit_card,2,116.99
8e3ab8811f9c3a04413aa4e14f84b872,1,UPI,1,46
cc779b75630b5b63955c7167fcadee93,2,voucher,1,23.23
2e40f4ca6760b2209d72989c1533fe0c,1,credit_card,1,119.18
2ff04f721a0ccf086506b4ba443d924a,1,UPI,1,32.13
186c43c492d0813457a0da8ee78ef748,1,credit_card,5,222.15
90ea2b1be9c98c67406de151652daa63,1,UPI,1,59.22
0e9a5de04c76a97588efe7f216942de2,1,UPI,1,204.81
ac3b973c9266d0035615e92f77c87420,1,credit_card,2,73.34
10266b83757aba75b5fb490bfc84fd64,1,credit_card,1,131.03
5662e7f8bbc6abe55e104ac06994a731,1,credit_card,3,57.69
69e0526abe64c820d4dd97f2b9921e60,1,credit_card,1,27.79
ad9447ca1bb7d23ed83358f2235b5a56,1,UPI,1,224.45
b0e1d9af1bfc3a4d96489c81cf10fe69,1,credit_card,1,135.6
2d0da8435c6493de84783c21578638aa,1,credit_card,7,76.08
6a09c972c5374c18c043270ddf09b641,1,credit_card,1,67.14
57cf629636cf674f91cdf37b7118b27f,1,UPI,1,137.97
938b81c296794bf21f608257efd9aae9,1,UPI,1,68.12
71e46015f37d1839f5feacddea47add2,1,credit_card,3,73.61
d482cb92e40c8f1f96da881196ddd956,1,credit_card,3,117.94
811acfa349a56222b8ca357b548123bb,1,credit_card,3,84.52
09249f4625a56408772a45322aadd544,1,credit_card,8,138.84
d0fcb0e64631dcf3a108b1837a69d9a5,1,credit_card,1,5.37
c6ee046b85d59deed2e71242e970d437,1,credit_card,4,119.48
928491f9ad93ae20de89668ea4a968e0,1,credit_card,1,77.5
9c83e600b8c156f1b50b753f30e93634,1,UPI,1,84.05
60b0fba7a3132de4c33d2a0a2f204b15,1,UPI,1,149.73
035c01a45e289b155db4e47cf39b29d3,1,UPI,1,93.8
e8f10e96c2974b2d58613a46cfef346b,1,credit_card,2,76.51
72e260ebb1a3c209dfd76c76f1d4f65c,1,UPI,1,121.6
631bf0797fc3480d6eae9757b0c816b4,1,credit_card,10,528.69
374a125372cffb30e8e2df55f8448da4,1,UPI,1,73.03
98f0e2b0d85754ca3b4e06d70f0f63a2,2,credit_card,2,70
cf008a8ccb8f6eafc66de884e6bc2728,1,credit_card,5,278.63
e415a718c8f2f0372ec699fec852fb68,1,credit_card,2,89.88
ce4c70f737d1a9edba23290f6031d076,1,UPI,1,117.38
e326f9904d668c8e2fce637b8b1fabe6,1,credit_card,3,180.47
7df4045bb089bf92e7eaf3b506b6423b,1,credit_card,2,110.77
b6373737638442df0342f512435488df,1,credit_card,2,28.7
7936367b7140cd4370be2d7eb8d3e325,1,credit_card,1,23.47
b5a1d012931f59ed905df201cf2aba80,2,voucher,1,50
f819c53d333f9775d516f9ab29e0ded8,1,UPI,1,364.46
879dd3373c7f9f0412d2ee301cdadbdb,1,credit_card,1,48.23
1dfc284468e80b96e18103668871f465,1,credit_card,6,78.97
6cc24bf6c628c261d2f9f0f7eef52a93,1,credit_card,2,159.8
94779a352003cbec1931fe5d7b041f7e,1,credit_card,1,66.44
b11a2fc0664cad475e2700523625a1e6,1,credit_card,2,71.13
b45e0eedd6fb6570b2fc15416a437431,1,credit_card,1,76.29
5454971549d855538eb746e4d263f9a5,2,voucher,1,188.93
b33fb23930b882d67b4b114c33f2e6df,1,debit_card,1,70.03
7aad0379bac4fe5dcb0a97650eaf957d,1,UPI,1,51.01
023b49300b34f2b9961857266df731dc,1,credit_card,2,162.75
dac3a461489588cac0ab57343d625915,1,UPI,1,36.36
9cdf5eee30c936e5a33b193998e40d07,1,credit_card,4,209.46
7a7ce47ebeac8469117cd0b044c03d1b,1,credit_card,2,79.95
68e77d6af71665b7749d1e4ce51835ae,1,credit_card,1,134.49
e417eb578007d00c0b658bc321e625fb,1,credit_card,6,111.02
4a02bc45b72b95ce8a16efd46f2e1e47,1,credit_card,1,53.88
59bdf4abef7b3ebc43ac9d4865b426d9,1,UPI,1,62.91
fa8bc976c444fee300429c2465aa1842,1,debit_card,1,335.47
608570b95a49743971fb82089b960070,3,voucher,1,12.29
93d1fcee477966a088fa92cae7c8a488,1,credit_card,8,237.54
f7535fb641a71ca3e0a6f2657dbfc51d,1,credit_card,1,131.94
60622e02fde39a42fe9654c41a6bba8d,1,debit_card,1,191.28
c1df4a5d1b544e51e2f038412f96c0a9,1,credit_card,6,85.24
d48ccff01a1b3e35b69d6b6ed81a352a,1,credit_card,1,37.99
dc3da2a9d0c93951fdc030194d48bb02,1,credit_card,1,200.75
de25b0f0bc16aa46db52a0cb9963b764,1,UPI,1,213.03
58ee11026c2fdda6ff738c392cc5fb00,1,UPI,1,74.16
633bd8dd4d19125b69aeee2526f79779,1,voucher,1,55.09
4fb76fa13b108a0d0478483421b0992c,6,voucher,1,10.04
37efc102e49c3219c6ca92ce169327c9,1,credit_card,1,57.8
b0bf00faa32149ac7d0400f67ce3d3b0,1,credit_card,1,25.05
f8868b8046c99c3b68a17b935efe47a9,1,UPI,1,199.43
b7a098563d93a0a1f918772c24ca3831,1,credit_card,3,172.29
ba254174e8ca271319fbd168acd8684d,1,credit_card,8,126.3
d949922726bdc62d5829069a73cc15ca,1,credit_card,5,116.97
d2d6acd468cd36300e20668ae293923e,1,credit_card,2,158.21
4b21c757f8c1a51d41c1653e15d8f289,2,voucher,1,247.16
9490bfca05997e51ea0beb78eb0918fd,1,credit_card,4,45.09
77a4cc7b685fb19e55b78931185be0eb,1,credit_card,5,172.16
76a6cde2f1431bc0834cad44ad2f472f,1,credit_card,2,189.37
7ef259be178f9f06c72a57add85b71cd,1,credit_card,3,372.67
