product_id,product_category,product_name_length,product_description_length,product_photos_qty,product_weight_g,product_length_cm,product_height_cm,product_width_cm
1e9e8ef04dbcff4541ed26657ea517e5,perfumery,40,287,1,225,16,10,14
3aa071139cb16b67ca9e5dea641aaa2f,Art,44,276,1,1000,30,18,20
96bd76ec8810374ed1b65e291975717f,"sport leisure",46,250,1,154,18,9,15
cef67bcfe19066a932b7673e239eb23d,babies,27,261,1,371,26,4,26
9dc1a7de274444849c219cff195d0b71,housewares,37,402,4,625,20,17,13
41d3672d4792049fa1779bb35283ed13,"musical instruments",60,745,1,200,38,5,11
732bd381ad09e530fe0a5f457d81becb,"Cool Stuff",56,1272,4,18350,70,24,44
2548af3e6e77a690cf3eb6368e9ab61e,"Furniture Decoration",56,184,2,900,40,8,40
37cc742be07708b53a98702e77a21a02,"home appliances",57,163,1,400,27,13,17
8c92109888e8cdf9d66dc7e463025574,toys,36,1156,1,600,17,10,12
14aa47b7fe5c25522b47b4b29c98dcb9,"bed table bath",54,630,1,1100,16,10,16
03b63c5fc16691530586ae020c345514,babies,49,728,4,7150,50,19,45
cf55509ea8edaaac1d28fdb16e48fc22,"musical instruments",43,1827,3,250,17,7,17
7bb6f29c2be57716194f96496660c7c2,"Furniture Decoration",51,2083,2,600,68,11,13
eb31436580a610f202c859463d8c7415,"CONSTRUCTION SECURITY TOOLS",59,1602,4,200,17,7,17
3bb7f144022e6732727d8d838a7b13b3,"sport leisure",22,3021,1,800,16,2,11
6a2fb4dd53d2cdb88e0432f1284a004c,perfumery,39,346,2,400,27,5,20
a1b71017a84f92fd8da4aeefba108a24,"computer accessories",59,636,1,900,40,15,20
a0736b92e52f6cead290e30b578413b6,"Furniture Decoration",56,296,2,1700,100,7,15
f53103a77d9cf245e579ea37e5ec51f0,"bed table bath",52,206,1,500,16,10,16
1c1890ba1779090cd54008a3c3302921,"Furniture Decoration",27,158,4,2550,29,24,45
518ef5de2c2b3a255e326a4594ba15d9,"bed table bath",27,329,2,800,36,8,16
e3e020af31d4d89d2602272b315c3f6e,"HEALTH BEAUTY",58,1987,3,75,21,7,13
8b41fbc2b984a12030090112324d1bc4,babies,55,1627,1,500,20,13,13
d03bd02af9fff4b98f1c972315e5e9ef,"Furniture Decoration",56,209,1,1800,40,10,30
8ba4f2a4ae695d26e5626c1bf710975e,housewares,52,968,1,900,50,5,50
f6574524b07d5bb753bab6f35abe2d06,"Bags Accessories",52,573,5,3600,35,25,50
c78b767da00efb70c1bcccab87c28cd5,"computer accessories",35,1101,2,300,42,2,30
a0253d43394dd4da9a5d7b1f546f1a32,"computer accessories",59,1890,2,740,23,13,13
051b9ff13dd55c0a6655a15ff296f80d,"sport leisure",50,529,2,3600,62,23,23
47859fca9dd7485cbd93c3e8993bb74f,"bed table bath",45,206,1,650,16,10,16
e1d1d22e9f8122a4ec1533b032c12562,"Garden tools",49,1163,9,2150,70,8,34
20e37962088a4061d3578def47a8648b,"Furniture Decoration",60,208,1,800,40,10,34
1eba879220bd0981a0e2fbab499ed4e1,"Furniture office",57,476,1,8950,52,51,17
ce5b91848b91118daffb3af53b747475,"sport leisure",50,699,4,1388,34,9,31
5370b82a213393979691c98074265584,babies,52,708,9,7950,33,30,44
b8dac5113b06a97e64943234522572b9,automotive,43,1062,2,6000,87,3,42
750cf819d127191920eda79a4b6fb479,electronics,31,806,1,263,18,12,16
e6af694343b45b56304ad91974a110b9,housewares,37,352,1,3900,19,20,15
680874c570dad71c0a2844cfbf417054,"Furniture Decoration",47,502,1,600,25,25,25
8b3a9476f74f5297f7ff0ec6d95fe1ea,"Furniture Decoration",63,254,2,2050,49,13,41
1c6fb703c624b381a20f21f757694866,toys,33,471,2,725,22,17,15
db46052aed7dff59ba38cf2fe29b87f9,"bed table bath",56,509,4,6350,45,15,35
b864b103180d5a6a3f830e67f93e8735,babies,47,980,4,600,70,11,11
7a8dac4aaa16bc642e4df33adcf03303,"Cool Stuff",38,1701,2,11750,18,40,79
83b9bc6aae6f527ff6aafb9e01d6cbf3,toys,20,866,3,2550,22,32,38
5f504b3a1c75b73d6151be81eb05bdc9,"Cool Stuff",38,1176,3,15350,47,40,47
bbf920aa6ac72007a726e6f419156f8f,"Furniture Decoration",42,303,2,1300,25,16,25
c3b7e4d83e530c27a8e6368296aece48,"Furniture Decoration",60,1972,2,850,69,11,11
c5d8079278e912d7e3b6beb48ecb56e8,"HEALTH BEAUTY",60,330,1,1300,19,28,17
5eaa343860dc445b3fd43d1b682809fd,"sport leisure",53,3218,5,4800,60,30,15
b5cfb1d3c5e435a7a52227e08f220ee7,"Cool Stuff",55,410,2,1300,36,16,24
334479e94cba98064050db1c9636e244,automotive,57,311,1,220,18,14,17
3fcd8dfe610c62edfb51de2630cd9ef4,babies,50,509,4,5700,41,17,49
4c8056caed5757810b9a68b83c3759e6,"Bags Accessories",53,1291,2,450,20,40,30
30e77af9e7759bbaa0305d2fbc605dc4,"Fashion Calcados",60,402,2,2000,32,12,37
92bf5d2084dfbcb57d9db7838bac5cd0,telephony,51,427,2,100,19,3,11
fdeb34a9f03fea7c3937dd62d1d0287e,"Cool Stuff",58,1252,1,1100,30,20,23
1065dbb6b0bf03daaedab1236979e296,"stationary store",49,488,3,1400,38,40,39
0d826eba8e0a2ae3bca9e3a947dd756d,toys,50,423,4,250,20,14,12
f8f6fd145cc00519283cf3100477b2b3,"sport leisure",47,956,1,1050,25,20,14
4e04ffb7dd3739ecfc37de8927dd586c,"stationary store",59,144,1,500,24,7,16
36555a2f528d7b2a255c504191445d39,"HEALTH BEAUTY",51,1069,1,1467,23,16,20
22937a73f92a33040ab4e2540355a5d8,"Fashion Bags and Accessories",50,554,3,100,16,5,11
dc21247da0290904ffbbcd5953c76f95,"stationary store",41,92,1,100,16,5,16
9020ce7adcc384b2899ae87ddc54767b,"stationary store",43,198,2,300,23,7,15
bfc1d1c62b1f7f401d8d9dda962bb870,"sport leisure",50,255,2,950,60,15,15
6fef6d87bb6c2eb11d57a967209219a8,"Garden tools",33,200,1,250,17,3,11
1e5428c428e0f783acd6e3d94ba4ee2a,PCs,55,1067,1,12000,27,50,53
94080f9219044d897195e2be145945dc,automotive,60,1543,6,921,17,9,16
d0389f20b3d11de54e1e4561df147683,"Casa Construcao",55,1441,1,10000,60,25,25
3e9b58f1436820c248d3f98d7229bb14,"Watches present",56,489,2,250,16,11,11
575c38b4c88fc7b35ef22fc8312bfe1b,"Cool Stuff",57,992,3,1200,44,20,20
556702ebb73d3786a852ad3d5a8ad268,"Construction Tools Construction",54,339,1,4800,25,8,25
a3a03c131926ec14d4c9f3ef03016b24,"pet Shop",54,463,1,700,40,20,20
e586ebb6022265ae1eea38f46ffe3ead,"HEALTH BEAUTY",40,1469,3,1050,18,21,27
278b3c6462e86b4556b99989513ddf73,electrostile,58,587,3,350,20,20,20
0d009643171aee696f4733340bc2fdd0,perfumery,52,150,1,422,21,16,18
be1be330cf34043d1c40d6114cbd11b5,"Watches present",51,484,1,317,19,13,16
07f01b6fcacc1b187a71e5074199db2d,"Agro Industria e Comercio",39,430,1,16400,63,66,56
75b4372e69a42f8ae1d908c076f547b2,"HEALTH BEAUTY",22,1313,1,938,29,22,23
3569d4374a919941a50f57371b1dc93d,"HEALTH BEAUTY",37,1168,1,2700,21,16,31
a3c95dc653d9a279b160bc0179385ed1,"bed table bath",39,1146,1,1750,30,18,30
0992c6cba95a13bfa68ea7d5e22d478b,"Garden tools",42,671,1,3850,29,12,24
b1eae565a61935e0011ee7682fef9dc9,perfumery,49,460,2,267,17,13,17
2734390ee304b0f4817b3c233094fc16,"musical instruments",59,2367,3,16200,55,40,40
32ee3f4e2493045726807808d7abbab6,"bed table bath",54,381,2,1400,38,9,27
c2367eda4f9623d0355dc5d7796d857a,"bed table bath",50,607,1,6450,100,10,11
7f34b85142d1ef9e077a0da9ada27385,"Furniture Decoration",59,1750,3,2300,105,3,70
c478b1bbf9ec8c5691f37ccb83187386,"computer accessories",55,163,2,300,25,8,18
f9ecf420c38b90a8af8e7f70fd789264,"sport leisure",43,101,1,600,50,10,12
3a6a0247ced9dcb444b46caafdcdd368,"HEALTH BEAUTY",60,2497,1,3600,20,20,20
adf591c625cb265c12bc6749d3a2f757,"HEALTH BEAUTY",60,1146,6,150,20,24,33
3e0f398b664b26e3224c79dbf435191f,"sport leisure",57,900,4,400,16,4,11
64c8f1a52b407d92518a1f8b79240a70,telephony,49,319,1,100,18,6,11
af16005fca813272caf59c432153949e,"Furniture Decoration",55,1186,2,800,53,8,20
e6a1ff3552ba3305c1cf0a4dde50347f,automotive,58,703,6,5250,47,19,23
d8a405c732027a2af3187b031890933d,automotive,50,361,1,200,35,4,26
ce94e3c41145e28428cdae952a1fd7f2,"Watches present",58,899,2,335,17,11,12
3f0f8de616df6efb39a48f3c64eea974,"bed table bath",49,701,1,1300,50,12,12
6ddc95e87149457c4c5177b0a474a9ba,"Furniture Decoration",47,1405,3,150,35,2,25
a2e2851eae0aebb8ee4df32348b42e2b,"computer accessories",59,504,3,367,16,4,11
723f62c36c298037716bf60c0ad0df3a,"Watches present",57,276,4,250,16,2,11
b2b3503e675abbc07e278151da072ed2,"Furniture Decoration",46,287,1,8500,75,25,55
c18c01e09509a509e2b88d3ed40c580e,babies,46,1039,1,2150,42,25,15
a41e356c76fab66334f36de622ecbd3a,NULL,NULL,NULL,NULL,650,17,14,12
e7cad5e8ed9b92e788262ad710c33bd0,"sport leisure",56,663,4,150,16,5,11
c33d78b97260227119fb2b71be168fca,"bed table bath",39,170,1,650,27,10,22
e8fd6f481db77b847e7ab93fa1510e7e,electrostile,53,794,4,2700,20,26,32
67bea89008edcb996cfe4e3d062b62a8,housewares,56,414,1,1200,23,22,16
e8e86cbab028363545a5bf0ca5e226ee,"Room Furniture",36,312,2,6050,55,10,46
c12b64bf0861a27e0f06c36ef82f457d,"sport leisure",53,425,1,150,16,6,11
6f0169f259bb0ff432bfff7d829b9946,"Casa Construcao",58,918,6,1050,16,20,16
b6f3b8136ba8302906df7e11ff908751,"pet Shop",36,617,1,1350,23,7,30
2be2be0a6a5916840503fdf50808ebcb,housewares,41,270,1,600,36,6,19
8efa775719397f78f79c8e5c7b0afbd4,"Furniture Decoration",22,275,1,1000,30,18,18
9e87e3ee09baee5f5c0513ff37bc60ab,"bed table bath",58,381,2,1550,43,8,33
a0abcee0132a5aed003d98e459b37698,"bed table bath",58,223,1,2700,45,13,35
7f6308ba4057a6a740af7b4dcfb79c13,telephony,63,1930,9,200,19,5,11
1eb4a9aee05c9cad041e09add2a26d68,"Bags Accessories",51,244,1,800,38,8,28
8da90b37f0fb171b4877c124f965b1f6,perfumery,56,733,3,377,18,13,15
712a72a78ffb66cb6eee87eebbf54519,"sport leisure",52,1049,3,400,45,22,43
c5fb7fbe39f4e09e048ffbc5b28db49a,"SIGNALIZATION AND SAFETY",51,1212,1,450,16,5,16
f17b05cc8a7651896df8c30884200e9a,climatization,30,547,1,2000,32,51,16
55ec10b39713ee81ee2c5bcb558cf866,"Fashion Bags and Accessories",53,1398,1,300,16,2,11
c190c4fe582c5b7ffff586506de83f01,"Furniture Decoration",34,160,1,250,26,14,14
f908df99196805b5bc4ada9ef510b11b,"sport leisure",57,245,2,1950,60,15,15
ac5bae85a895724330c4acddd581b02b,telephony,50,1254,2,500,16,15,11
d8dee61c2034d6d075997acef1870e9b,NULL,NULL,NULL,NULL,300,16,7,20
cbaff83e2c00a2b731d27276bbf52082,Art,59,1431,6,7900,70,15,70
ad67f74682943e3857eebf3ca2538d1a,"bed table bath",53,261,2,1800,41,9,34
1e12f1836c1f08b25ef78fcdf76fbf08,"Garden tools",60,884,1,900,37,3,23
acd427ee119d5c71c7a85ae488cb0a6a,"Fashion Bags and Accessories",52,68,7,200,16,2,11
60cf4effb6947283fa638d570bd07318,babies,30,410,4,4500,80,70,28
51fed4afb1b41d00ad9d25a73b7fbbc7,"Games consoles",48,303,3,250,21,7,15
bb09cce52b336261572a5a7e25a33795,housewares,59,943,1,550,16,25,12
65a6462e42e05ab3b8dc613566736825,"Bags Accessories",49,540,4,1100,39,12,28
f2396540fbfac27b5117f0dbd6744b50,"bed table bath",53,222,1,3600,40,20,40
70d1bd3a042448105a71d0b41ecbc96b,"Games consoles",56,235,1,100,16,3,11
0075c14603d80515e20908c156ceb47b,"sport leisure",50,329,2,150,16,18,16
5a42f73d92034010a4e00360fb0df099,"sport leisure",55,144,1,3775,18,13,16
bcd58b852a3b0152b6b384c4e4474ba2,"Cool Stuff",59,797,2,1400,25,20,20
2bfb0bdbcea77da2879f0ef3be9a219e,"Games consoles",53,439,5,900,22,7,18
87fb220044e9aca16fbec51c6c997aa0,"Watches present",60,438,2,250,20,12,20
484bf1dff778a416389aafd0dee1cb11,toys,55,852,1,350,21,9,16
56139431d72cd51f19eb9f7dae4d1617,NULL,NULL,NULL,NULL,200,20,20,20
3cef8174403f4fdedbf24fa67fa9f132,babies,39,805,3,1800,18,32,27
003938452c98ff9ab28e9e7b4bfe97ab,"Room Furniture",52,420,2,5050,50,8,50
8d6cb00151d423c52855385c89f0bae8,automotive,58,386,1,27100,50,50,50
5877301b00f95e3c6118738b293dfab3,"home appliances",50,273,1,1500,65,8,38
e0bbe6292471ff5ab3752414baf78111,"Watches present",43,572,2,500,16,11,11
dd768d259ee6054e0dadd66c8e2be0b6,"bed table bath",52,700,2,350,16,10,16
fc2edee55f4118969f4dc49f7a717605,automotive,47,1548,3,500,16,12,17
b521fddf2c8a7e7d1791bfb3c1b2f278,"sport leisure",55,448,1,1000,20,20,20
46b48281eb6d663ced748f324108c733,NULL,NULL,NULL,NULL,18500,41,30,41
db7e6804f1a8206a7e51c9a741a09d9e,toys,51,410,2,300,24,11,24
50556c630443502c11acde1c320fe278,"HEALTH BEAUTY",59,257,1,250,16,2,20
88d2c501ec765f5d7e8038fa6aab0e62,"HEALTH BEAUTY",51,863,1,10700,40,40,40
722fb67c17907e21734449c091420bf5,housewares,29,290,1,1700,32,21,22
43b6d9e46e1e6b8ac743a1c31e462937,"Garden tools",31,680,1,7700,39,28,25
1ffe365aa7583189e63f2fa4f060b269,"sport leisure",57,785,4,5200,20,60,35
3014e35fd70fce29095ced5cdc89f4ce,telephony,51,244,1,125,17,10,14
e869d449cc32881790ef9af9b4c670f8,"Furniture office",50,2220,1,15700,58,28,58
a1b3a75aaaee5c9a683f2266c088f720,"Watches present",53,599,2,350,16,11,11
7fdbc1ecf5fdf5c98d9b14e110133eb3,"sport leisure",57,649,1,213,16,10,13
15b3d40f375c0645c1eed4ed1cd8e17a,"Fashion Bags and Accessories",30,401,3,150,16,11,11
1cf39a397efa955b102a52ee7ec5531c,automotive,35,907,3,18200,56,15,15
f9471562478eba8761bc985b968a0092,housewares,38,390,1,850,18,21,15
e96bac5656eaec25f3d76757fa16d9d3,"Casa Construcao",55,918,6,1050,16,20,16
16b06ede456b922e56fbb4b3818aa875,"Fashion Bags and Accessories",48,382,5,200,16,9,11
c7147724cd430269c6296fc758c0a086,housewares,32,42,1,300,16,15,11
dbb399a8be7395d5b136d49fcdce13df,"computer accessories",47,764,1,200,23,9,13
ed46d1fbd7bf78ce79910c09fb892abb,"sport leisure",52,406,1,800,20,25,25
d458378a178cd7cae60052319cebf235,"stationary store",50,198,2,200,24,7,14
596363933adf57df745ecbc8afeec226,"sport leisure",50,853,1,698,46,10,14
4473f3e5c65952b074ef987fa5c24662,telephony,59,776,6,350,17,4,12
8c9faf6aabee9b2a30b83f92d786f6de,"General Interest Books",50,2913,3,1000,24,5,17
8e71b24c3e25a92fef6176120a67fac7,"computer accessories",53,585,1,783,21,13,28
828fe032935d7c1901682e5b6cc076c2,perfumery,48,1063,2,600,20,20,20
19502a282608c5627fb32e22724727fc,toys,47,181,1,11650,55,30,30
df473738565b52f77b4e22b328b41576,"Construction Tools Tools",42,369,1,400,16,2,11
657491063e8a63247a108a4d9cedf020,toys,25,274,1,3050,40,10,40
a388f2043ca885de714453e4fac616e2,telephony,50,744,1,100,16,3,11
4c6018f41a6c2e5543cc034e94f5ce5b,"Garden tools",44,2395,1,16500,40,25,26
a85543a371d5cfafedb80a8177a692b5,housewares,59,470,2,750,34,14,24
6b017e0d95d8765a6f2bed3bc272c61e,"Fashion Underwear and Beach Fashion",39,422,1,250,36,4,20
6d14f72afff32795290f2df6507f063c,"Bags Accessories",59,413,3,2300,84,14,20
75b433ca888fe027b18dfac89a284667,electronics,37,374,1,1350,33,12,26
9aa70106d14b83c7ad033592870b2b30,housewares,22,388,3,530,17,20,20
42fe4aefc7e8a45dd96a59af81dd3fef,automotive,59,162,1,1300,20,20,20
a04cf12934a318be6550b1aeab938bf2,"Fashion Calcados",59,605,5,4000,57,14,36
224703229a7c966a5b191651e1561be2,"sport leisure",52,234,4,8150,20,20,20
43724b27731595d954e911f443fb1cc4,"Construction Tools Construction",57,272,1,2200,16,2,11
b29ca3d3127057c43ef4b364bbe360ea,"HEALTH BEAUTY",55,1029,1,1150,20,25,20
5e21d5cab5d33e770d8150a4ee6117db,"Watches present",60,312,4,200,16,2,11
55610b8b7d48294e69fc23f513dfbe98,"Furniture Decoration",60,1068,3,400,16,20,16
68bfdbfe84f03af17733b10362f10020,"Furniture Decoration",63,244,4,600,29,12,23
5fb61f482620cb672f5e586bb132eae9,NULL,NULL,NULL,NULL,300,35,7,12
a5bc1334f1762ce0a844f3f694dc08e1,"bed table bath",48,645,1,1200,16,10,16
701ff123e9085dcc9c2f833efded6374,"Cool Stuff",50,268,5,10664,61,63,35
73b499a2f5002c0a2158a478cc5a096c,housewares,43,2148,2,1800,50,12,36
42f14eda412436b96cde4f4025ed5f25,"sport leisure",47,154,3,500,16,2,11
47969dd948e918289f809be899ddfb4c,"stationary store",48,501,1,258,19,12,19
446295cf6f689d4db477145815362608,"stationary store",59,209,1,1400,16,44,37
280c05c66173c2b377f3e449e33abc6d,toys,59,640,1,400,35,7,35
4a96de21ccfb22ebe1c56992acbbd7fc,climatization,58,655,5,1300,30,10,30
c45a1de8cdb00af9ba1f3c097561b77a,"bed table bath",55,315,2,1000,30,10,25
1b37262ebd1307a6c9aab9aca8584e76,"pet Shop",52,1290,3,1300,30,10,18
04869307f7e7dc5b07f1d83406ade1e5,toys,58,443,2,3305,38,36,19
8bb6ace4cf2411747ea1cfecad5a458d,babies,55,224,2,6000,75,15,50
21db47f6493b06e8e7fc562ec9890e77,"computer accessories",50,281,4,300,35,5,25
f4d705aa95ccca448e5b0deb6e5290ba,"bed table bath",57,74,1,250,20,2,15
bbaef2eadf31fe3ea6702077398be06c,perfumery,45,1003,2,400,18,11,11
3fc3d637781e5d185455013606a6e2cd,electronics,32,1274,1,250,16,10,30
21d325f98c6505a72b1bcf363f3d3f88,toys,57,1532,2,1250,29,19,22
f6691c7e7a0c12d28003c97608dfe605,"Fashion Men's Clothing",47,1026,2,950,40,6,40
c615805546392ec3b8a20c6590c4d400,"pet Shop",54,261,6,2000,30,34,17
6e9c52b407fea24064f7ab2b144fbf8c,babies,56,1395,7,13575,71,81,44
e07f6e9343cad06f34d0a7a09eeac4d7,"HEALTH BEAUTY",60,537,1,667,17,16,16
80fc21f90a43fdcfc623f11f5457db10,"Watches present",55,457,2,267,17,11,12
9cafef108028ea326352e901a8b729a7,"bed table bath",60,609,2,1750,45,20,40
dd783a33bc94bef9c728611320d559e7,"HEALTH BEAUTY",52,1113,1,150,16,12,11
ec019a7e1feb42072e2a07b6317c7edb,toys,48,135,1,10550,65,7,45
20424e1f503b9ceeeee60b717b11ec36,housewares,57,1298,1,1725,100,35,16
795ed173180b101b114960e572d2181f,"Bags Accessories",43,215,1,700,45,10,31
40a75445dcf4958b8c9b3dac6898094b,"sport leisure",29,1318,1,400,34,16,16
fff0a542c3c62682f23305214eaeaa24,"stationary store",23,146,3,300,30,10,20
21419fbb5e6e21591c1dc83cb75aec07,"Casa Construcao",59,1582,1,5850,60,25,25
d801448d8cf48fd15a66dc8779d47241,"Watches present",47,687,1,267,17,11,13
d1fbb5683c8e93f314d0f2bf40d07761,"bed table bath",53,155,2,1500,39,12,25
4e7f36f28c51e114a343625b628dd429,"Cool Stuff",42,727,1,400,24,16,14
58bef3ad35aed45b92cf03510e6cf5ce,"sport leisure",54,3830,1,1300,31,32,31
532d7f19b8005e415f5b98a1cf4a8690,housewares,58,172,1,400,16,10,14
aedb7e30007f6051c5b3f97156b0848a,Art,32,195,1,150,25,2,19
c752f2bc46ad4b389290cf5828a1db62,"HEALTH BEAUTY",40,654,1,650,25,13,14
7207700449f2433076d70a5b1c004eb4,"Games consoles",44,421,1,706,32,8,38
582dfc3697c5f834a5ddf28460ba9222,"Fashion Bags and Accessories",59,251,1,300,25,10,25
54910b8287ecea5f93a008ebfa94a15c,"bed table bath",41,242,1,4850,75,5,50
ecaae002060173ec59f5b168cbd55d70,automotive,51,1741,1,825,20,24,15
9e48435521202c8795e21ac42efcc761,"computer accessories",31,432,1,600,46,3,15
f46c384460008df0071849d01b39834f,"sport leisure",53,527,2,700,23,9,11
4fe53f6c123977ffa0dda91a2962c9e8,"Furniture Decoration",51,1442,1,300,40,10,27
7aeb83cae61b0e94e6426cba2598ad9e,housewares,55,471,2,1270,17,14,17
3fc23ad64a8ee1f1451c8c44932c5d22,"Construction Tools Tools",40,338,1,450,20,2,11
e10758160da97891c2fdcbc35f0f031d,NULL,NULL,NULL,NULL,2200,16,2,11
dccef777bc505f2eca720502c209988d,"home appliances",56,173,1,150,18,8,13
b6be875acca0b4862cae6479c5d9e6fa,"Garden tools",49,192,1,200,16,3,11
84e1b9c6ba2ed178bd217097b41f1251,"Furniture Kitchen Service Area Dinner and Garden",50,859,1,10893,33,88,44
93c285dad77a797cf2193ead6afbe107,housewares,53,524,1,1800,25,7,20
1ba7948f3aa31cdaf78a4885f3c5385a,toys,29,566,2,1220,20,33,22
6a61a5d77a8571a0646e8c0f75f572f4,"HEALTH BEAUTY",53,1368,6,360,30,19,22
0e40b1ed4cfd3da1962ec91913e54ba8,electronics,52,424,1,175,22,11,15
2de8789bf8abcd2f6c7866f9429b1986,"pet Shop",50,852,1,1900,50,13,70
d394d30215872be4cda2c67c1ce5b981,"sport leisure",37,621,5,250,20,20,20
9181a16945ef449aa81212d5139945ec,babies,58,1261,3,6950,85,11,50
b166907a5770631b7deedd0891b1b7ab,housewares,57,1094,1,1100,55,5,40
302a19dacdbb5ed2f74f9dee8126ef79,babies,64,882,5,300,17,7,24
1fb2c1a0d7f863e0644077cb5d8f80df,"Furniture office",41,2261,1,16500,58,28,58
0a17941f41b99d2f070fab54b458a4a4,"Bags Accessories",28,453,1,300,16,23,19
98190f6a2c3253d07ca86525bb238162,electronics,25,813,1,1836,61,6,24
a18a23a783fb7576a8f0f6fbc2ae2b58,"HEALTH BEAUTY",59,822,1,175,18,22,16
e2c3ed9aaddfd2312a6a5fe9b3ddadd3,toys,53,579,1,675,22,24,21
71c808620fa8dafbe6cd6c638cc67567,"sport leisure",58,568,4,200,26,5,20
25cdef5b1428725aa16b8b9a6fbd72ca,"Industry Commerce and Business",58,1058,1,1200,30,20,30
a1bf559ac1eab015ba992bd76d9d76c7,"computer accessories",32,1074,2,200,39,2,30
3b82733180834cc02658403163260204,"Furniture office",46,1193,2,16100,63,61,24
eca3036ef7ba11b3331c334b7053fe13,telephony,51,443,1,117,19,4,12
6b75ce117b8fcc75289cb6cbe589de6c,"fixed telephony",27,1217,1,455,36,18,27
23ab7bb9eac81e85ec43ed71064cf7ce,"bed table bath",55,613,1,550,16,10,16
5cfe07a11fd4f35d3c5ca21cd60cee6e,"Fashion Calcados",54,404,4,750,22,12,33
78119fbfa709d07b86f5ccf15043c6d6,"Cool Stuff",43,447,2,586,18,11,13
9138555a5066b7f16bf15e75c7db067c,"Construction Tools Illumination",57,919,6,540,16,27,16
1ec5373950b7877c5de483a123223810,"sport leisure",42,2819,1,3700,30,20,20
34607082301052079a3bffcd12c5ecfb,housewares,57,623,4,3150,30,17,30
4ceab0364ce2bef8363b89f4719bbff7,"bed table bath",57,296,1,2100,53,27,40
c9fe02894880831f6f28d5ac212d036f,"CONSTRUCTION SECURITY TOOLS",51,1006,3,314,20,19,18
3c883b9d3fd2d0ce448d4136349dc0a4,"bed table bath",49,153,1,550,23,15,23
98d0e0ca6213edc063889593a2475e36,automotive,55,978,1,13825,70,35,49
f2c1df0fc307ec60e3321c708c1dcac3,"bed table bath",42,431,1,850,40,6,50
622d3b263cd40b06e1eeea144fb83f19,babies,19,200,1,250,21,4,13
15cd31f93b25e5a517f05b1af31d353f,toys,55,1475,1,400,20,20,20
cd7701670288642f7be9437dec9034c1,perfumery,48,606,2,400,16,20,15
3519403062e217f433e0bbdc52e0b19f,"Games consoles",25,211,1,200,16,2,16
37dffde0476450e75dae423136954b0f,automotive,60,1023,5,250,20,20,20
d68bd4dedccc5545b1ff6629de8fb021,"computer accessories",53,813,4,1950,17,11,12
e4c0d69bafff0157f574aae9a147a8c1,"Furniture Decoration",49,607,1,300,35,10,25
b6b4ab44d1f3c2a645abbda76af2a993,"Watches present",54,364,1,1050,30,45,11
d19d6968c8fa843da04bf9c9d23c312f,automotive,53,1373,4,400,16,7,11
de984954e2e130136bcf8988bc973d90,"musical instruments",40,234,1,1000,56,9,22
c6336fa91fbd87c359e44f5dca5a90ed,"sport leisure",39,772,1,150,16,16,11
d10abea506594de1dd5ea21851f94062,"HEALTH BEAUTY",60,876,1,700,16,16,16
4bae12e58c9b828e1302a2cad437b80a,"Games consoles",47,358,3,450,17,7,17
aba0932cedf32b2a7b6b832f11769613,"HEALTH BEAUTY",29,556,1,2000,30,12,16
f777c903946dd86fd00cd5b32ec3e907,"Construction Tools Construction",57,954,4,21400,20,20,20
39e3b9b12cd0bf8ee681bbc1c130feb5,NULL,NULL,NULL,NULL,300,16,7,11
2e511b5741ab14e7f5294df6f1310b03,"computer accessories",52,2515,1,188,20,16,15
74f250adf8f41738ca96718232a41499,"Furniture Decoration",56,646,1,300,16,30,20
f16ced867a24a244afefb5b867f337df,"Fashion Bags and Accessories",38,487,2,13600,26,60,40
1ce0e963805e3c170485768e8b09fe65,"Furniture Decoration",50,1342,3,800,25,25,25
794de06c32a626a5692ff50e4985d36f,NULL,NULL,NULL,NULL,300,18,8,14
a530b23a71594d0d986a30359e207762,"Furniture Decoration",49,600,2,1400,65,12,12
d294bd539d8c70342149beb38b767afc,"Watches present",50,295,1,650,13,11,12
fe9184887637170f6da65623475d6a66,"Construction Tools Construction",37,2457,1,600,26,17,17
3da6f3c6c1ac8c36ff45b1a493a44e82,"Furniture Decoration",58,1969,2,3000,69,11,11
8a4667ce8c036b0d54dd65a38298bfc0,"Bags Accessories",45,224,1,950,46,10,33
26d114f0b4f14f5e3b3db0e211019777,"Furniture Decoration",51,582,2,17400,42,35,42
ef22b718807d8b96162d9b021912f178,"Fashion Men's Clothing",36,940,2,300,16,2,11
599e5320aef0c7dd9e3fed9b2f673d41,"computer accessories",52,1224,2,700,20,20,20
acfc0fd945c522a0d2266d45bcdd91c6,"pet Shop",56,1545,2,625,21,16,17
2029248294c186017ecfc48cecd47bbd,"Garden tools",44,586,3,3250,32,14,22
e8f22df5fa5b454907286aa61d6216a8,"Fashion Calcados",57,404,2,1500,22,12,33
4da06dee0a480b5d666886ea00b4d9b3,"bed table bath",54,228,1,250,32,3,23
39d5f0edfbb6ee4d1c524dd620c0bc7a,"Garden tools",41,198,1,425,31,6,12
185013b2b9237c14bd26a394d9fda023,climatization,56,1161,1,150,20,8,13
3d1e658dd7dc71b44b125bdd18236fb3,"Furniture Decoration",56,2028,3,350,68,8,13
5e459bd31247ee46fa95b09556600a6a,"Fashion Calcados",44,284,12,300,29,7,16
bb31a27a0b24236c8ce7e0c6264c51ec,telephony,49,276,12,100,19,3,11
99a5e7a2c16478ff3f0ea9c20eb2820f,automotive,55,1658,3,550,16,21,18
8a2d3285de64b2117fbf83784acd09fc,automotive,59,1250,1,250,16,27,15
fdac82e439dafa5f87a9547581532380,automotive,60,1541,1,1000,26,40,20
b3f29e4bbae3c829f7c4231074c307ee,housewares,55,998,3,14850,35,102,35
115bc0865dc675638645e1ab5311e30c,babies,46,726,3,850,42,25,15
e71ba6dc5ef4b3bada7ee8d17304d31e,"Games consoles",56,3354,4,1850,28,14,19
062597771ee91356ea34084f28c03a4b,"Fashion Bags and Accessories",54,1399,1,300,16,2,11
8d51190d4e52d32e6abf3d0551501114,telephony,61,212,1,200,19,4,11
10d43b23591dde746f32fe6a7beb5bfb,"HEALTH BEAUTY",46,803,1,150,22,3,15
b0cd550945da1de6eb9cb69595d540df,"sport leisure",55,1392,1,900,16,16,16
e83ded7d97b96d338c4e72bb1ff7676c,"Garden tools",52,497,1,1900,44,19,19
ce130b350f529a1d6288f927da7404ea,"bed table bath",50,171,1,1450,45,10,15
c04b8195870068ff5c495f269a0bc993,"technical books",54,1162,1,1100,29,3,21
454157d7294823cc44ad21d4fe31474a,"sport leisure",54,1241,5,200,16,11,11
f0737b524fe6b57f2ad4f174ce23a62c,"sport leisure",43,1440,1,12600,20,10,20
bc4a074ab7a7ff14e98fa64671a79dc0,"HEALTH BEAUTY",21,1000,1,1450,25,25,16
6c3fc3c928cf7d57418923ffea326d9a,"Cool Stuff",49,733,3,800,42,25,15
dc582e9ac5036846acfeeb3093b17aa7,perfumery,50,749,1,1300,22,14,14
e84fb20fe338824c220166d3cd562cbd,"HEALTH BEAUTY",45,802,1,150,22,3,15
3c2f792f1041177a81913a977431a99e,electronics,40,549,1,200,20,20,20
bcad5b050c241af2fdc24c51556b297c,"Garden tools",60,1177,3,11450,23,43,35
0d8c64a12c0e49b2515674c031b965a1,"Furniture Decoration",54,220,2,2200,20,20,20
e5d860a0fff2e94bd1a406456cc6c4b3,"ELECTRICES 2",38,2030,2,13200,66,19,67
eca26be90d3b3454dd69a13a05bdb46e,"Fashion Bags and Accessories",59,119,3,200,16,2,11
c4344f6de69a96da8febce3f885171f0,"Games consoles",53,310,1,150,19,11,11
f092eaa771e3dca0bfeca32b5c9d5669,"musical instruments",51,439,3,3350,30,30,30
debefa981200019b8c4a45d0176125a6,"bed table bath",64,702,1,2200,42,11,36
d0877f0094337c414d23f5a3c7bad20c,"Furniture office",48,489,2,30000,50,50,30
4ed86bcb86407328452ac1c5b3b89d67,babies,59,255,2,500,30,8,35
e117ca2a90cfd40b93450b0b60f834e4,"bed table bath",51,487,1,1800,45,10,34
7af3e2da474486a3519b0cba9dea8ad9,NULL,NULL,NULL,NULL,200,22,14,14
4c303e0fd131aa3fe487c108b5aa8c06,"party articles",58,134,1,1300,70,11,11
63f7cd79973145c9e6bb11c5fd03e82e,"Fashion Bags and Accessories",51,372,2,150,16,9,11
a2bd2eae20998a24c22b110334928b02,"Bags Accessories",39,278,1,700,19,48,35
55103cbbe0851d3a303a022cc4140628,"Bags Accessories",32,1064,5,2900,40,55,30
f97d74310019b255120e4316f4515d74,"Fashion Bags and Accessories",34,426,4,200,16,9,11
3d649f0e12c7b5f9ec7e00f538cc13f3,"HEALTH BEAUTY",45,1886,1,300,16,18,16
9a5a361f3cd6c280f6bf4ffb6207c51e,"stationary store",41,552,2,200,23,7,15
c354569eefd558bf201d0aedf35608ed,"bed table bath",55,166,1,700,49,4,50
7f383ce1a13d3d90e3d6074557ee8deb,telephony,52,819,4,200,17,13,16
f2a1b32f85cad59ff2a8444154ac25f0,climatization,51,2959,4,7800,105,10,40
5027a29c73fb3aa5e93eae6867c9a2e7,"stationary store",53,500,2,550,16,4,11
457c5f8a59156ce6315753d8d788a16a,"Watches present",60,460,4,200,16,2,11
3eb0cd17f2bfe15716e113962806a5de,"bed table bath",41,208,2,1000,30,7,24
76df076d70248fa44de6ed8c31a1a9b5,"stationary store",52,219,1,1000,26,8,33
7683fe3e73bd7af6d0f6a6ed497cb04a,"Construction Tools Illumination",49,527,4,1450,60,5,30
e63e00cfcd91a5b34c13e2134671e842,"Furniture office",41,1071,1,5850,45,55,16
a77e6c93242ae050800cb3e5b98c2fcd,babies,59,348,2,8300,45,25,45
a1e9b0d76a76ff474f4a4374fcfb8c42,"sport leisure",28,663,1,1800,28,12,18
1dfb36d969d347f56f43590ec42c7b8c,"sport leisure",50,1212,5,900,26,6,13
ae728f68e1fe806253238e93f2bfc324,"sport leisure",57,1156,1,415,19,19,19
a1d17216996bf0cbba886f91bfd31c77,telephony,51,1015,1,103,21,6,14
22776ebd2bfdf5f55499fd324862a673,automotive,42,878,2,500,20,8,14
6b5af19067eeadc0f331687a79ca656b,"stationary store",62,621,1,600,16,6,11
c72a1a8c3bbe15206d1880cedc7bd791,"computer accessories",59,1238,5,4750,18,22,30
f14aa2ba817ef24ccf7f99c0ccfab59a,"Watches present",37,610,1,263,18,15,16
f2d80346f1dd6986e9e6611db7b708aa,babies,52,446,1,50,16,2,11
1f64ec386a6be322e71596931f5d2377,perfumery,46,499,1,200,16,22,11
b97114b2893e68400ae867459b491bcd,"bed table bath",44,331,1,360,36,6,26
ef6aa884e3493fd38cc8ee47d8d79d10,"Cool Stuff",47,1392,1,150,16,7,12
769cc5a32d4e6c7710013f35a73d45e9,"sport leisure",61,211,4,1100,32,5,30
e24f73b7631ee3fbb2ab700a9acaa258,"Fashion Bags and Accessories",60,1118,6,2250,22,15,20
0417855683de23ba1e20e8a358a5ac7c,automotive,59,633,5,1475,68,9,35
11dc4053871ff53ff79fb1fc7e6b160f,"sport leisure",29,347,1,1600,100,7,11
8729e9bc4b7f0422448d80ed35ae329d,"HEALTH BEAUTY",51,1918,1,1650,25,30,20
eced39e6c33db4b865ea46d12dde67d8,toys,59,3492,3,650,35,10,15
bad5bc36e62c12c840045474c6dbe021,housewares,22,663,1,900,21,34,34
afce90df29b9a0c1bfe5e1033f1197b1,telephony,42,356,4,75,19,3,11
06efa56b8557e1efcb2c107f55d1a8dd,"Garden tools",60,481,4,600,19,7,14
fa9cf28beaafe4f4bec59550f6c76481,"Furniture Decoration",47,470,3,400,35,6,15
0bb7cb61f1957f79dac582ab66ccdc1f,housewares,45,561,2,553,18,9,15
ad19bca6e0f1919433d7e21d534ddb50,"General Interest Books",42,1109,1,900,18,25,16
334995514673fb6bae67885458b52984,housewares,37,261,2,250,25,25,25
95578be74a242e7a0eae084908bbb5f8,"Furniture office",38,2088,1,14900,58,28,58
288d91794eb2b14fed9ed5e469cb87c3,"bed table bath",52,701,1,1100,16,10,16
f72379337062680ca5a2b7b0275913d8,"Furniture Decoration",56,945,2,2050,30,22,18
24f9f99148480cd31288ed4e7d962e15,"Furniture Decoration",58,1953,1,850,69,11,11
4c505e52bedf9651c08793647c925e65,"bed table bath",58,744,1,350,16,10,16
77c0d362526797bf132aaf564b1e436d,"Garden tools",45,616,3,1400,20,20,30
c23381297fa734ea441a15d723199fb5,"computer accessories",60,789,4,200,20,20,20
8b6a57fbcf171e0a44f97af7af858939,"computer accessories",18,389,2,617,17,14,17
78bd107dbc2f94f453c1bac8d2b4ede1,housewares,21,718,1,2600,16,41,41
ef76ea9ee88ad60b9680c7635f2baaa8,drinks,57,497,1,200,20,9,14
c8a0fe4fb537a7864e6aca0477a6da9c,"bed table bath",44,305,1,2000,49,16,39
6bb81626d06fafb4d7eab61ac9ed70c6,"HEALTH BEAUTY",42,167,2,266,20,8,18
9339df4b551cc289617ed742b9af7925,telephony,54,409,1,200,19,4,11
09c3d39641970009c198caed304ccfc4,babies,52,1659,1,300,68,7,13
7130a7cfbe3bb2f11f6524e0cec6eafe,"pet Shop",59,140,1,300,16,16,16
76fffd0056ad48fbddac939c05e05cff,"Watches present",54,182,1,200,16,2,20
e05646078b508ff048d63d3af7775ca1,electrostile,58,613,1,1300,20,16,20
15571dce56ff7d152dab99a0bc8354d5,"sport leisure",50,1530,4,482,18,11,16
c571bd52d56c393e52b38a593da5950f,"bed table bath",54,223,1,550,16,10,16
2efbce46d36d9af306d4300db163b276,"HEALTH BEAUTY",48,762,1,270,16,16,15
a453b4ccccf554efba31d5ada5a59a60,telephony,60,818,6,300,17,4,12
0d79e2972015716ede4fabeb5b60f8c6,"Market Place",50,257,3,2150,40,25,30
2068e3435a38f6a3cc95ba89a96378ab,automotive,58,894,1,3300,35,20,20
28e410092e56a080e14595c053d0bbe8,perfumery,45,416,1,200,16,16,16
c5c66926b3f964b8cf9e7dfb1150d13e,"sport leisure",41,128,1,200,21,9,13
3488d2ce36e718097c1509444289ef7f,perfumery,40,1176,1,514,18,12,15
a0ff95d002b9e836b60b47e97a200f93,"Casa Construcao",37,426,2,3100,38,28,28
068ceaa8a3d9d385cbf53d5335f89f80,housewares,42,395,1,1200,27,18,23
a7b42937ab954b0e03bcf6cc35209940,"sport leisure",56,813,2,250,16,10,16
fea2f92877b647dc07ea8e3f4aa2cf3f,toys,35,537,2,7400,45,29,53
b52e7c92200ed9874e77bc09b5ed4d40,"La Cuisine",57,232,1,7600,55,15,55
a8bb7885faf316d9a5062d42d2b2fba4,"sport leisure",50,844,1,875,40,26,20
63f52009dc3ddb733394e80183aed0f0,"Furniture Decoration",58,1047,3,700,35,7,27
2de11f4242720888f88ebe396a8332f7,"Furniture office",58,869,2,900,17,10,15
62224b433a431310bf27129938ad9f64,"sport leisure",28,733,6,700,49,12,27
b2083bcfc8768380dd0e31d612e96d08,"bed table bath",53,628,2,1100,16,10,16
93719014f156d3fa9e0511cd0ab96315,"Cool Stuff",34,443,7,1150,28,10,25
f86faff2fff9d021e363dc81bfd16930,"Cool Stuff",53,304,1,900,25,10,25
629beb8e7317703dcc5f35b5463fd20e,NULL,NULL,NULL,NULL,1400,25,25,25
5563f6b699b362e1bd6a2e1e650f52bd,"technical books",60,1265,1,2050,29,5,21
7e437c1d65a7baab7e7ca6c9f4e98b84,"HEALTH BEAUTY",57,1571,1,2150,28,32,11
012dd0e1c1f14325ee35f06748329355,"HEALTH BEAUTY",58,1690,4,490,30,5,25
b72e63f4630dcaded1689b28efa4c583,toys,59,1272,5,1000,30,13,30
e791e580a2421e4471aebb0629c705c1,"computer accessories",57,991,4,200,16,4,14
aeeb6146e21d11416d01b0e03c2de06e,housewares,31,580,2,500,19,13,20
e91f30f35875789d4b7d14610aa88c15,"bed table bath",50,208,1,500,16,10,16
3a78f64aac654298e4b9aff32fc21818,NULL,NULL,NULL,NULL,4300,30,10,48
ff7ac89ca5b77d0fb5f8a65262d73956,perfumery,46,483,1,1000,20,14,13
1684f99c7e0e67403e52a7783366870f,automotive,60,651,5,4200,78,4,47
7715f7da32957a84ad267799121a90e2,perfumery,60,773,1,350,16,11,11
ac1290e4432c1f2662b71ac47da47691,telephony,43,533,2,125,19,3,11
b23cfa104a0f297458ecebea590a33d5,telephony,46,660,2,100,19,3,11
5b488b474a4f2519b7826390b1873a58,housewares,60,1206,4,4100,51,31,31
ce8a29973a1fed3f8d22ea5514d9ea07,electronics,56,505,2,200,20,20,20
4c7d111494b1116a2bec5e2d940e3439,"Games consoles",39,319,4,300,23,3,11
4803f125e17a7b5fc363202349fbf14f,housewares,55,871,7,8400,50,28,31
7db409a594f815ca2267b5383d139ee7,housewares,60,314,1,1550,46,10,35
8fec581a22f1e87d7e0f0a0da4626a82,housewares,17,395,1,600,17,17,18
2ac6c3f94b62b0d60ac5b907bdb42cd4,"Fashion Bags and Accessories",56,1410,1,200,16,2,20
ad0e74d7a7848008daa87492dff8db9f,automotive,57,1631,3,500,16,21,18
65ded196f8f1dbea9916be9b6fcfa0b7,"Construction Tools Tools",50,289,1,1250,22,17,20
a4944a8b60acfe399f15f45892bc5639,"computer accessories",52,260,1,667,27,19,20
a314a62cff3e5725f545fa263aed7a7b,"bed table bath",48,120,1,300,40,4,30
f159439c5c382fae366d444e05c590c1,perfumery,52,365,1,400,18,18,12
083178fd17a5d863811733e46fc529ef,"sport leisure",38,256,3,450,25,25,25
8eed5d27f5b8c6248731efb4782f6141,automotive,41,1510,1,2800,16,2,11
39fab2af0c4e38ee29c6b8e05c81f93a,"Furniture Decoration",60,438,1,250,20,6,11
70c325280f670aee445babb3400cf804,"Furniture Decoration",51,535,1,250,35,5,25
f3dadecca4b876a315481c79b8adcf16,"pet Shop",50,365,3,300,24,12,12
bcb815bba008d89458e428078c0b9211,NULL,NULL,NULL,NULL,150,16,2,11
e3ace35fe59021565fa9989acfdf8f3a,"Furniture Decoration",28,196,2,1000,35,25,25
f9f899bf492ac59cf645a6c93eb91e05,"Furniture Decoration",29,764,1,6267,36,40,36
590d6cb76092faa04d717fe406c66f88,"sport leisure",46,254,1,2653,53,15,36
f0e14d7b2230a53543506024021cc3ef,"Furniture Decoration",58,2130,2,3000,69,11,11
c01cc7b6054e22d68972a35df1e0c249,automotive,54,1636,1,8500,18,29,13
2ca9132c1c90ff5060c3ff9047904e5a,"sport leisure",43,877,1,2120,26,25,25
2043cae78c8b731c405c7329a05154b2,electrostile,52,640,3,750,30,30,30
89904bec271974d069685a6568091c8a,"HEALTH BEAUTY",40,684,2,200,16,16,12
3bcf64d8d26d6e06bd568d27fe31d8e8,"bed table bath",56,198,1,1650,35,20,30
47de5f36ace720b578ca1b30d0b45b8d,"computer accessories",53,192,1,900,26,13,21
97250c682244b5b6618aec504ceb9656,housewares,55,783,1,150,32,5,16
df1ff6c9a263464ba1ea7cd3de5e8633,housewares,52,202,1,800,31,5,21
603751cec205d947f27ef1ab32b7fb26,"Cool Stuff",22,683,3,700,20,20,20
17da5d80ea0eeabd565083183027d588,drinks,59,879,1,700,20,20,20
b5d214651360e2d58e13b48ae69c6199,babies,46,1654,6,10400,100,23,27
a2f4e28e50f60566eeb99f842ffc0fd9,"musical instruments",57,374,1,5850,40,9,105
9d0a2db5144d569d5ce5375bb0f4de36,"bed table bath",39,347,1,75,17,12,17
41ae9f1ae64408cbe2b980a3227f04b3,"stationary store",55,1349,2,1000,27,10,20
8f9dc141063eb39ea09a9df984895c50,automotive,45,764,4,1475,32,28,28
05d7deab2f99410d5fa21a75deaa1fad,"Fashion Bags and Accessories",52,1383,4,750,36,18,36
84a77e7e0bd4806ffd493e8a8c37737d,"stationary store",52,145,10,3600,36,8,15
1fd78e3ef5fc49eddd84e82c035b682c,"Furniture Decoration",42,461,3,2200,28,28,38
955821b9200f75f399d091f381821044,"home appliances",47,82,1,150,20,13,15
32e12dbd1df2c2b6831ba26dc8325d1f,"Casa Construcao",58,247,1,1750,30,20,30
48aaba1523759485364bcd94f4d4c4f5,"sport leisure",54,1162,4,1300,44,8,30
dd2ca29c9d0f93d3b1d28d7d7ee3025c,"Room Furniture",24,356,2,7750,33,25,33
cc95f2435cc780a6992154d6a29ff226,housewares,46,616,1,3100,32,26,21
1c36a5285f7f3b1ed2637d7c528ce5ff,"Bags Accessories",21,769,4,1600,55,37,30
d899300bb0834fde956e80ce7ca0c958,"Watches present",58,635,2,350,19,13,13
9f22d89800e8f59f79d50aa9d732f5e2,"HEALTH BEAUTY",50,355,1,888,18,17,18
7486c1fa8968fae4af4c32882f72dbe6,"computer accessories",39,160,3,150,16,4,14
80a96c144008b8446632f872d3b1a3ed,housewares,46,193,1,1025,25,23,25
46a44fef61c4835cb2cc8f39f0ce0752,housewares,63,261,2,250,20,9,12
d2fac83bdc41acb845baf953df64155a,"bed table bath",56,509,4,450,45,15,35
dbb00dd9b017066946537423958bd4ea,"HEALTH BEAUTY",50,546,1,1000,16,12,13
b2cadfc2d6da74fba3a372470641ba61,housewares,26,201,1,400,16,9,12
bb8248b78690e295b4978f78009e4b94,telephony,56,367,3,150,21,7,14
3931aaf38ba4cc928100541ff51b82ff,"computer accessories",45,554,3,400,16,4,16
8cf7e354e6d9f04a09f4d59bc77dcc8e,"Construction Tools Garden",55,749,1,9500,56,30,28
1a986b4015f20a3c26d8573a46dcf65e,"Cool Stuff",46,269,1,300,34,5,27
2ae501b303a5a8e6f75c8c36f366b2d5,perfumery,30,138,1,150,22,7,16
f28fd17099749b33b6e5081515b2e797,"bed table bath",44,421,1,550,30,5,25
4732ecf5e4abee8f7ff4d1b8df0f7af5,automotive,39,1571,3,1100,37,12,30
fe849745fcdc6e1d6864539a2b13197f,"HEALTH BEAUTY",46,841,1,300,19,12,13
6b82874c6b51b92913dcdb364eaaae0f,NULL,NULL,NULL,NULL,21450,70,34,50
7193329f650facb78de86a2e0b771e2f,"HEALTH BEAUTY",57,1668,1,850,18,10,14
28f71b48a5f99f0bcf4642ae10352557,"Watches present",42,431,2,500,17,22,17
afa6d9a2f3ba0d5b06ccd5eb4bd2e29a,"sport leisure",54,675,1,750,26,23,23
12827caf723c4ff8030d64dcffe3cdab,"HEALTH BEAUTY",59,3939,6,150,28,13,12
53f92b0474f91fcb5bd188c6a8075c38,housewares,54,2952,3,30000,76,51,51
52a646aa308987e28c375b41081de428,"SIGNALIZATION AND SAFETY",53,512,1,325,17,17,17
5d2754abdc85429bc7a4c37d52fbea43,"Fashion Bags and Accessories",53,770,1,200,16,2,11
4723ab93377036eb7e0c15dfca8c8ce6,telephony,50,561,3,200,19,3,12
29608c81e9f1be14503667ecd1d35c63,"sport leisure",52,473,1,200,20,15,15
c68b419d9c6038271b85bac98adb0fc9,NULL,NULL,NULL,NULL,1000,16,14,30
e19c8e70d39de9646d64163a66051797,"Fashion Men's Clothing",32,713,2,800,20,7,20
0c03a930e654a5f1ea08f95a5c67d076,"HEALTH BEAUTY",48,589,1,700,20,16,17
ba17dd83b93da33a4483ba301644f40a,"Watches present",60,394,6,250,16,2,11
1dce3fd38c13a3e74fe5000f33858442,automotive,58,674,3,1800,22,10,18
4e80e5fbd1f7a5e67501d0e1573abf98,"Watches present",51,393,1,300,19,13,13
75747bce1abad71ec9edfb9ca6dd509c,"technical books",42,492,1,450,29,2,17
2b1e141d70cf9e03eae19784eb427c24,"computer accessories",57,761,1,400,16,21,15
d806210810eb8942d0ea5b17967bb1c4,"Cool Stuff",59,988,1,1635,23,30,17
6a23ae3187f1dac41b7210a8c7739d6b,"Furniture Decoration",52,832,1,750,20,35,20
bcb8826a092a057aedd93bb71d67c24d,"HEALTH BEAUTY",54,340,1,500,24,20,24
f102842fbe436027eeeb7fc76d3063aa,"Games consoles",59,434,3,350,20,20,20
05d26098907b7bd26c0f92feefd10eae,toys,43,389,1,200,18,13,16
4d777d8c652076edf63299034cc4c599,"bed table bath",60,166,3,950,26,15,19
265928225c1358e74bf8668ff65096f3,toys,25,119,1,300,16,17,11
860dd3635c61aba2d7ddea90b7d471b2,"HEALTH BEAUTY",50,1083,2,452,20,11,18
ee2405458ecf90c4d6e1c55a9680de91,toys,60,919,2,17650,45,50,45
45852eb1811c96c22787d9a3cb3875dc,"bed table bath",56,393,2,1100,35,9,35
b4a595a550a377a81bf10d27821fab6d,housewares,58,235,5,5250,35,15,35
44d958961868395bfe852e70d48081f4,toys,31,254,1,200,16,10,11
5b706747080dcd34b3ebd803c25ccd65,"Watches present",52,654,4,340,47,13,13
4a37bc772078a013df64fd661ae5ee6c,"HEALTH BEAUTY",57,677,1,750,16,16,16
120ed962437fbd2a403ab98f630d8e85,"bed table bath",58,430,1,2650,33,10,33
eae50b5c9a18c296b7fa904cf04406a5,"Furniture Decoration",58,477,1,300,35,10,25
6ba4f83d1c821bb17fe0a917881258d4,housewares,50,1123,1,13600,16,65,60
477e9dd0ec1da08376e3e29bf434add9,"Construction Tools Construction",59,711,6,1250,30,10,20
6668e2c5a29f47a016858f28a3673e4a,"bed table bath",50,627,2,3950,33,14,33
dfc767a34d7f9f8ee72a3e9b5ed55f89,"computer accessories",32,1095,2,400,38,2,29
2b27cb23faa03f71607fcdd1539387f3,"Bags Accessories",59,857,7,1100,35,14,29
ecac3b74dce5ab6c6a7b9eda9216cfcc,"HEALTH BEAUTY",45,379,3,200,16,16,16
1b726b3b028ce5af355fc94c066520d7,"home appliances",60,230,1,425,39,17,39
8aebbc3445bef4a356ae41d226a7b5da,housewares,43,1129,1,22050,55,40,60
a963ea4d494221de09b70f1b4a70edbd,"computer accessories",58,240,1,150,35,8,11
ae48f03d1836c1021bf0babdf8b63dbb,housewares,46,290,1,800,20,8,20
67085b88a68c08cfe73132310f0574f3,"Furniture Decoration",57,209,11,800,40,8,35
c51dc74a8b5018e82e9e44ef4b647227,perfumery,60,418,1,650,16,10,11
89f46d1e213867388c2fac6078f5c06d,"Fashion Women's Clothing",43,754,2,500,16,2,11
37c8b2425c9c0455491b06ad8671c224,"Cool Stuff",57,1255,4,198,17,9,15
1dcd65bb5dd967d7b4c6b0223cefb838,NULL,NULL,NULL,NULL,9150,33,30,44
8de2d2a80d4900fc699d4f52fbe8c43a,housewares,27,868,2,500,22,16,16
743faa1bbabdf4abcbd2443fcc33fca9,housewares,41,687,2,950,27,30,27
5ec9cc4e1217d387b9fedfa362b7bc24,automotive,56,1310,1,3750,42,19,25
d24659126d5bbd0b1bacba3e8d17a978,"sport leisure",32,513,3,250,16,6,20
88316766399e9545cb650c3ab70208a0,"Fashion Bags and Accessories",42,361,1,100,17,3,12
7c1043bb5837db0c6bc1953419a18628,"stationary store",59,495,7,800,22,7,15
dfa872802d781798321a10f1ddadea82,"CONSTRUCTION SECURITY TOOLS",58,1720,3,200,17,7,17
593236d0ff46b4299b4787fb8d43f7f0,"Industry Commerce and Business",44,1396,2,7225,16,103,25
984a3b9f9bb4c8feb319da951212696e,"Cool Stuff",20,740,1,50,40,30,50
2a27bdf5d36c733df107a86e44370254,"HEALTH BEAUTY",52,1976,3,425,20,9,18
060ea530ba6184d49f7b1cc031c4c97e,"bed table bath",54,383,1,950,50,5,50
60e68dc2013929af2b3b5408e2da87fd,toys,52,397,5,550,32,11,20
28a4dc65b49348e9de7f1aa7bfbabfd8,"ELECTRICES 2",59,319,7,14350,41,55,31
b1060f179d7f706565e347fbe00bf1b8,"HEALTH BEAUTY",32,1046,1,328,20,14,18
f66bfba86b78fa48e0834bb209e1555a,"bed table bath",32,306,1,1950,58,15,46
74c94099baac38d7d352195da981626a,"HEALTH BEAUTY",36,642,1,700,16,40,11
270c3d76b5efb36480487920cec3e167,"home appliances",57,335,1,1250,22,11,20
f911903162e5c7cfa48e5b803068b091,"Construction Tools Construction",56,290,2,400,20,5,20
3a9705b35192e14929ed984f99ae4f65,"sport leisure",55,936,3,2320,63,33,17
96bcd2d5266412b1a43593fe5b904536,"Garden tools",41,394,1,2700,16,30,25
c20fbbd4ccf2f7da70e150689a6a905f,perfumery,47,723,1,455,21,15,17
e8221ea20065e9f3bd2efda98b807cd3,"Fashion Bags and Accessories",38,366,3,150,16,6,20
9b76503b35ee45adf532e291d5c7de0d,"bed table bath",51,115,1,2200,45,25,35
049b55359c60ea6403938b9e408f40b8,"bed table bath",49,297,2,1400,37,23,35
e6d528652daa9f45b90b855c0596bfbf,"House comfort",55,200,2,450,45,15,35
386486367c1f9d4f587a8864ccb6902b,"bed table bath",54,120,1,835,40,9,33
84db874a1a2d895b0eece26cc9bb3dd3,"Cool Stuff",55,418,2,1250,36,16,24
483df9288035696f34225a7047591d13,"computer accessories",34,2457,1,550,26,17,17
fac0337908b983ba98c810f03d25f278,"bed table bath",49,729,1,3850,20,30,30
0de11423be68ad641c9be1135450074c,"Cool Stuff",63,877,6,7000,22,52,27
d4de08feff9533e02efa79613935336e,"bed table bath",53,681,1,1250,19,17,22
91e6a181c1ebe734ab459822cee89763,"Watches present",47,528,3,850,48,16,25
b687f7d54b34a215172bf55f9584584a,"Garden tools",49,374,1,900,30,10,20
7e34dea6bf1b26c294d48bfc3fa41d9e,"Fashion Underwear and Beach Fashion",63,3140,11,400,16,5,11
af8215adef2df1e9e66642f159e81e55,"Watches present",52,585,1,400,20,11,19
644ede1cd3a7b877de774c66fd4abc78,"sport leisure",52,682,2,1100,24,16,15
8bfd18c7b7358231b2a3f9ae98eed105,"Garden tools",57,365,6,850,24,13,18
35255921c732e0e9319097469d856cd5,"Watches present",54,630,6,400,18,11,15
ed9b924bdbd0fd22c60aba6dddfbb6e5,audio,60,1046,1,675,22,9,16
7a33d7a1a85cb7db38bacbcc212a6013,"HEALTH BEAUTY",56,483,2,175,19,12,13
32f186a3f6239888c37adf90db857098,"Drink foods",57,1322,1,1350,18,17,16
505bdfe93e66810bd2dfd42bcc61976b,"computer accessories",60,1503,5,588,20,17,15
216b222c2a8c6918d4203f3cbefb8568,housewares,41,897,1,450,20,10,20
bc86251d831265a9937ccfccecd6c224,automotive,59,867,5,1500,68,9,33
d6d759f5b4285a0cc72404efa8c19632,"sport leisure",25,267,2,1550,35,30,40
b3bcd6f54c943fecf8f51e0b988e5cc9,"HEALTH BEAUTY",46,1969,1,683,31,16,16
2a763f02c6a7a8ab7c1be0460ff891d0,"Furniture Decoration",53,575,1,2500,35,9,25
fc37e09bb4dadd1eef5e92e954b1c72e,babies,51,1243,2,500,30,6,23
ffc9d90bae2127e6a6ce6d6654267ebd,"sport leisure",52,1113,2,300,20,34,44
9746ab6f7694c5e2fc9fe14befbb5c18,"HEALTH BEAUTY",44,820,1,350,16,16,15
c8149a123a4dccdd873b3de1e7867bba,"Cool Stuff",51,425,1,250,16,12,11
0eb8e03d4ef83152c4642b606b5bbdec,"Furniture Decoration",47,348,1,2900,40,10,35
3f9d819e1669be4865fdcd717968bb4e,"computer accessories",23,1036,2,200,16,2,11
bdb0b11a36aed4d0d862a7037c838560,telephony,45,742,3,383,16,12,13
464383c22e65860826cf78650fe0f4e4,"Games consoles",49,781,5,200,16,16,16
9ead3847aad283a0842bde7ad9a9e7b3,"computer accessories",56,1173,1,1300,30,16,16
c4df35b0ef8a1996cd7118d81c1632ad,drinks,44,744,1,4300,16,15,11
13387d462f74993d258b62f8f85fd9b8,"HEALTH BEAUTY",53,2610,2,150,16,7,12
c244b71b9f393724eaf2792a96427931,"Furniture Decoration",59,589,1,400,17,8,17
f303e2cdf0967ef1a153d12f2685d280,"bed table bath",58,262,1,1400,25,10,25
e1bb819e98ca4d6153c28872921f171e,automotive,56,1108,6,450,20,15,15
cc68bcd2a2720e95aef8b6cb71f62ed9,"sport leisure",54,660,1,154,17,10,13
88d1ed18fd38fa0ffeeb4b517ca42a9d,housewares,55,132,1,470,21,23,21
671446e8e3aa3df1eca47b6c354a2921,NULL,NULL,NULL,NULL,5500,33,22,33
d400b62525c30cb8ec0786613bb0d93f,electrostile,58,613,1,650,16,10,16
9fa0c72476690fbc66bcacc498fe7fd6,"computer accessories",34,1122,2,100,18,11,14
1fa4ef78e1b8f0afea31e4ae9578affd,"bed table bath",55,739,1,1600,40,20,20
e619ceb6b2a4196772ddaa5c6e0368a7,"Furniture Decoration",52,646,1,400,16,30,20
4079a95ae53890e5c268117864020aa8,"bed table bath",60,298,1,2350,33,7,37
3e12358032a6a599d25d9fd630cec2e1,housewares,52,1301,1,975,31,12,21
9ff668529410eefd5bca723acb4834c1,"Furniture Decoration",59,439,1,1800,30,6,20
ebf6a0215aa3523486a430e93f6d56ec,"bed table bath",54,687,2,1150,32,5,30
a878ce3514b37e8bfeac8f881438b775,"bed table bath",58,678,1,1250,19,17,22
ae6476ef6cf588ccb0bd009b62359b97,"HEALTH BEAUTY",60,950,2,1300,42,12,20
f0ea71b6e2ab4cb3bd8f5ba522a25a56,NULL,NULL,NULL,NULL,1300,30,20,30
fedccbd5e370e8ddb7aae6fb4cb70347,NULL,NULL,NULL,NULL,1200,20,20,20
38650206798cd31f659906705a0eff70,"Furniture Decoration",58,275,1,1800,45,14,35
43267ceb81c34b7d49decd624671ccfa,"Garden tools",54,2155,1,509,17,13,13
0011c512eb256aa0dbbb544d8dffcf6e,automotive,58,177,1,100,16,15,16
61a53738adc5c0e8d243553320f9ba1c,"sport leisure",59,1104,1,8809,52,52,17
ef1c1ac9af94321c7af51e984279cb6b,"Construction Tools Construction",58,138,6,14900,48,30,48
457953cd3ce26e8f7c9037bfb9e19b14,"Furniture Decoration",56,296,2,1050,100,7,15
54af11c815f92135fb554bd9c97dd418,"bed table bath",57,520,1,950,29,10,25
5657897eec3381c5a9aaf19be83f16e2,"Cool Stuff",35,377,2,500,19,17,25
afb0d399cb1dec68de437eec41c94fad,telephony,58,733,6,100,18,6,14
73c15f15e628e4ec389e0ed1cec48b15,"Cool Stuff",45,3033,5,12400,35,35,50
37d2e3656244fd840ebd0460360455cd,"stationary store",36,215,1,700,45,10,31
25a675783383c8e0aa707b7e9063c925,"Watches present",39,700,2,253,18,11,13
0f2ee8171adfc13c81f69ff4dcb2b635,"HEALTH BEAUTY",45,1194,1,1413,40,16,31
e73a764ace9b74b912bea28a731f60e0,"Furniture Kitchen Service Area Dinner and Garden",57,354,4,1150,27,15,16
f3979f97b4913d696bbe9c7c425c5e4e,babies,36,654,3,18667,88,28,67
67ff96903c597ba4b1d7f668734bc3a4,"Construction Tools Garden",34,376,1,65,17,12,17
49c8221f68acec04f84cc22c58be6c5a,"pet Shop",54,947,4,700,36,12,30
5e6248437b2668bba62c0fdd71eaf72d,"Garden tools",42,567,3,1075,34,31,34
d8160f4d642dacdcdb00f26b434a6033,"pet Shop",42,244,4,4050,30,53,30
96341c5bd303e04bee20bcd01431dfaf,"party articles",60,430,1,200,16,6,11
8375cac77900898b899b33ef7b966bb0,"bed table bath",35,2618,1,1200,16,22,11
e13cf83849f5e6cf2b946de4ca48bf2c,"pet Shop",57,651,1,500,25,15,20
d48782d1a53a65a84d63efd6aabd4f03,"Construction Tools Construction",38,409,2,8817,43,24,47
25a048d00b596eeac27424b4e897f07e,song,50,364,2,100,24,11,16
914a1be6110e7ce3289dbf55ec0d9704,"Cool Stuff",58,989,1,2050,42,25,15
4cbccd77b25ad10677a460380987eaf3,"Furniture office",42,2115,1,13600,58,28,58
00a985c524adbb97a4211e4ce17aabec,telephony,58,734,3,250,17,4,12
ae4a8a8e8a8f8850c720e68c182b1625,electronics,60,300,4,24050,80,30,60
dbbda25f6b7c74669cf2203b2e3139a0,"HEALTH BEAUTY",59,1935,3,300,27,11,15
ba3fea9ec13fb882dda6c9e4295d9130,"Watches present",55,266,3,667,20,17,18
29ea1bc54f78267f6e85b9c99c93e12a,"Construction Tools Construction",58,339,1,7100,29,8,29
f50df9b142a624bf4c4d8495489a207e,toys,60,804,1,600,23,25,20
f0a8b25a0a4f80f60eed4e1fdc3d477c,"HEALTH BEAUTY",59,374,2,1450,38,31,24
121b9686b9929855d823981fc655a6fe,housewares,55,747,1,6250,53,23,28
c2aedc6c0521b9c1fd928f2b2375d5d6,"fixed telephony",28,1252,3,400,20,30,11
0a2fff0d95ef3bbb7dffc618f9542ba9,"Watches present",26,567,1,283,18,12,13
e792f2bb275bdea9b6076c2acbb5abcd,perfumery,47,1090,1,850,16,14,11
60bb4500843105345ef9541e59a7a87a,"bed table bath",58,871,1,1200,40,10,37
7ffd59e4a33610e863f39cd3040ae7b1,automotive,48,557,4,350,44,17,30
20d672f52195d2c20168f758a77303d6,automotive,51,93,1,200,16,15,15
3b2d98c62a89221177c0f6213256816b,telephony,55,316,2,150,16,4,11
9dbf7eb5228b2070008a2e331b114512,"computer accessories",35,1101,1,250,42,2,30
5ad04927f75f1ec98ff4458470452b01,"Bags Accessories",41,1047,1,2240,76,10,14
bdf5efab9b8b85e6a49603007646f763,"technical books",25,2021,1,213,21,2,14
e000ecbb2e86143e74b3b2c3cf15f21e,toys,60,196,4,1150,30,30,30
19d97e807df39d7af6311ba423eaecc3,"bed table bath",59,273,1,8850,16,10,16
dd7c7650c31d56afe11234bfd0a1e1ea,"Furniture Decoration",58,1969,2,3000,69,11,11
46fd22a153db867285b826a2c62b446b,housewares,58,803,3,10900,71,25,45
b6665355b9d865e088250a5c8d7b36c1,toys,58,246,1,300,37,20,20
29c131c43e662b738339aafcc0ba00fc,"Furniture Decoration",32,926,1,600,17,17,17
b415213dee0b8051901b7ebe5a6b99f4,"Fashion Bags and Accessories",51,1081,1,415,23,19,18
6af5a2183cea4408f4292dd86be5f667,toys,54,457,1,400,30,10,20
296ae6fd1ff55a39b63dbbb3ea7a36a0,"bed table bath",59,796,3,8150,50,20,40
5ade9eaa68986ae388b9d6ba2aa185e8,"Furniture Decoration",60,956,4,5250,66,15,33
aff4c4ee166f76b66595e0bcfb983d5b,"Games consoles",49,472,1,700,20,15,20
21e72a490cbe93ed7aa675d2b1ae105a,"computer accessories",53,240,1,650,34,15,15
913dfadde395f6049127173cfbb96121,"computer accessories",24,718,2,200,41,2,29
17d4764518c5a017b128060439d1559f,"Cool Stuff",44,854,3,1000,35,28,16
31eb78f384a585823382f8963cdf5849,"stationary store",57,223,4,1500,60,20,29
91ad72a5e0313d764d9603f18f2c3658,telephony,59,486,1,253,20,10,18
85f17a3ccc10ef41645833b7074f3d63,"stationary store",42,148,4,800,29,10,25
cedc0a95516e84ab083db0319e55003f,automotive,58,1590,4,7350,24,69,53
ca078ba5884f07fd8e2ec7f7b13556f1,"Furniture Kitchen Service Area Dinner and Garden",60,356,1,4400,27,27,37
01cf8c7364048b4b6ed0fe400667054d,toys,42,241,1,1200,30,16,20
c20e9c8a7361bfa0d6530ab73075921b,"HEALTH BEAUTY",49,1216,1,1600,20,20,20
d88cd106d68ac93feccee719004d247d,"computer accessories",25,153,3,250,16,15,15
1ecaa47c3ade7f098ca5dd97e8dcb018,telephony,54,653,1,150,19,3,11
212cc0fa7359ab242a697a03a574f719,NULL,NULL,NULL,NULL,200,16,2,11
233ad2cdae25fbf46f0d090b678d23f4,"Market Place",53,213,3,775,35,9,15
6a944207f516a3e570fb1205489438bf,toys,63,784,1,300,20,7,20
2fffbf105cbbc6e86144f00ecf571635,"HEALTH BEAUTY",41,763,1,150,20,10,20
6b7879a37ac2dbe5289a16706e859870,NULL,NULL,NULL,NULL,950,45,12,30
606bfa78f6209099f25529bb1211522f,"Furniture Decoration",40,241,2,4000,52,6,52
2039ecc2a76b653fb536a86a570e66d8,"sport leisure",57,407,1,500,20,6,15
59911136c59b2dd04ddce80d592b55f3,"sport leisure",31,447,1,100,16,6,11
af76a54b712e9cab85d2824e96c56ff8,automotive,60,505,3,200,24,2,17
201ec8e4fb8456dd06265be68eb419a7,"Furniture Decoration",52,1743,2,800,68,8,13
dcfe76be1e1036cb99e5d8bdc2a1b1c9,"sport leisure",26,3694,1,300,20,10,15
b9fc59d07b4a88505e53e11d17097cef,"sport leisure",58,1042,1,2000,28,8,15
6acf371d62b424190897033ef93947bb,telephony,25,1052,5,300,16,7,11
ca17b18b38db6e0d2c33d362322f2a06,"technical books",32,2228,1,1900,30,6,30
2b250e4c796f4ce9da7ee0465bd1b574,song,43,656,2,783,16,8,15
6c90c0f6c2d89eb816b9e205b9d6a36a,"computer accessories",41,260,1,775,21,18,26
a98ce95e720b49857fedbcfbdf21e8de,housewares,55,716,1,1400,25,35,35
1cac2c9aee1db62c108da2205880e09c,housewares,55,536,1,600,28,18,17
588e30c9b715a9158d6431ae94c25fea,"Fashion Underwear and Beach Fashion",40,549,3,200,30,30,30
2a9b9ab4785e67b8ff4f1e6fcba1de7e,housewares,44,919,2,1000,29,19,21
a5170485f5eec8e991a69da0231fd5c5,housewares,50,379,1,1100,25,22,21
20ee98f10c16f05a43db060ab1cbfd7e,"Fashion Calcados",48,375,6,100,29,7,16
0fa0bd7ef862a1a28d6cd9701fc97f6c,"musical instruments",50,1053,1,400,19,11,19
72bb19eb8886399d5a46785146792ba7,housewares,59,889,2,250,20,5,16
613d093272cb8f74f25a01e430155a6a,"Agro Industria e Comercio",39,326,1,1050,38,41,39
44e8945e17aef03daaecbc4bbab7f730,NULL,NULL,NULL,NULL,200,16,2,11
680ca98a72aa9722523fa2006f858f77,"Fashion Bags and Accessories",48,248,3,300,30,26,22
c293414ca6dacfb6085739783def4ef6,toys,52,706,4,2450,23,7,23
01b154ceb5457897eb28b9e549f28219,"stationary store",54,447,1,400,25,10,17
d0f5d2822e06a19526cb384022af2a9a,"Furniture Decoration",55,743,1,2200,34,8,22
2d6676e04aac85ce66dcf8d0529f4012,perfumery,46,458,1,500,20,12,15
f1202530b474dade246e7fe77cdda463,"bed table bath",58,373,2,1700,34,10,34
95e18e6f72e096de84ad972456780aa0,"HEALTH BEAUTY",49,166,1,325,25,10,13
5b4341a1e617e4d33c3305158ff03c69,"sport leisure",36,1581,1,150,18,7,14
da86f2cc2faf840b7b86390726b88905,perfumery,37,107,2,200,22,3,11
13191128a8f50089d2ed9b7a25dc21df,"Construction Tools Construction",56,1087,4,6250,55,14,44
95f2828625576b34ab861ef4b029a7fd,"Fashion Men's Clothing",33,939,2,950,40,6,35
e9f4a2b16f44a27e454037659cceb20f,automotive,47,84,2,200,32,8,26
1eb44be9d824d20602d68a0f3346d8d7,"bed table bath",55,148,1,6200,35,15,25
af5dce27d2097e3cbfeb25ad9eac092c,"Cool Stuff",52,330,1,1650,33,44,19
3abf2d4698bf245577543ea01d9c7f16,NULL,NULL,NULL,NULL,200,22,14,14
33202a8e7a645388c41ed714203d7131,foods,45,911,1,3350,20,21,20
99d1f27bf9ea0392ab69d0203c6efdc4,perfumery,60,1772,1,150,16,16,15
b7f70c625521ad94f77e9aa1218fd9fa,"pet Shop",60,1614,1,2900,83,82,12
99b4596b82b6f75d453160c9c75e01f4,"party articles",36,378,1,1550,23,17,18
096b3aa9d2c93af82434f196a713ad74,automotive,53,366,1,5750,30,19,31
9e3fb85220e7c0d45fab9a93288ec717,automotive,52,1304,1,200,18,9,13
29589c613b8c17e6fe91da9af08ed148,automotive,45,736,3,350,25,10,20
e834949329e7a91948b7c8a01f508b6d,"stationary store",51,59,1,100,16,5,16
1fceb6597ec80646345b1d8517b48cb2,"Bags Accessories",42,413,1,700,16,30,20
9a3d13559997d2639ebd02e75913b799,"HEALTH BEAUTY",51,495,1,233,18,16,14
35c5e00f6a23366ce44aaedc05da015d,"sport leisure",41,194,1,100,25,20,20
ca26080d8f0fa848c329fe732f5e34e8,NULL,NULL,NULL,NULL,1800,25,25,25
bae8ac5e125a98fe445bc17714104709,"Bags Accessories",57,455,3,10700,40,100,16
bfd9a39f1774d4ca8773f1f42f09d187,babies,60,849,5,750,50,5,40
1a2ece70966710dec441aa587993b5b4,NULL,NULL,NULL,NULL,300,27,5,18
59f8cb217c16b9d838ab8f6d92fd2eea,automotive,32,1313,2,250,18,19,15
b73e7ccdd22c0bb891a93ec7d80b717f,"sport leisure",44,233,5,461,18,10,14
3647983375e701c3f089068b5fc0cf98,automotive,60,1146,1,4000,65,25,25
1cb4e06ac5f21ccde771561d17ec0afb,"bed table bath",50,353,1,1250,16,10,16
f7740e5b4337a3cc4a8a204553101a85,"HEALTH BEAUTY",43,876,2,543,30,12,16
0776155007ad20447a0b0f91d4aad644,"Drink foods",42,2263,6,1000,28,13,13
0ca31cd8916e06a977f3596faddc6852,automotive,60,703,6,9050,56,11,32
a928a2cfd4d897610150b956e89a4e56,"bed table bath",58,774,1,1550,32,8,29
bfae0d55eef43da69474aadac456cbe4,"sport leisure",56,1494,1,300,20,20,20
5f4bceafafc1903556735cb7f2842e78,NULL,NULL,NULL,NULL,200,16,2,11
8ce6ed44410ccff5e5437f5d1ec012e4,"HEALTH BEAUTY",47,886,4,500,30,14,16
1c12e2e95f36322f3a5ab8153a76bd73,housewares,52,303,2,9900,61,31,31
64cb768ce668c3df58334a28d528b754,toys,41,517,1,875,65,23,20
3932e37f1f658768ac53fbe680f145bc,"bed table bath",60,850,1,1100,40,10,30
4b232d5c1ec0ae0d9cc9529b97d75984,"musical instruments",56,349,3,200,16,12,20
f99af3a3d10f7a52df7eb10abd1b72be,telephony,55,880,3,50,18,6,11
bb9aa579b534cb9d96b38fcac94759b6,electronics,55,1702,5,750,21,10,14
75f3ef6a5cb0f2d5aeef15925f0ccf69,"Games consoles",50,429,4,530,18,24,18
a24b0a4730a6f5b13a3502fb5065a814,"Furniture Decoration",50,314,1,400,40,15,40
d6637aee74ba05e42bc17a047c335209,"HEALTH BEAUTY",55,1181,1,250,16,11,14
aea9f47e0e6dea45f3ad01ce4528f1bf,"sport leisure",49,375,2,2000,20,40,30
1fd68fefef8ff576fc3fac7db97f67f1,"bed table bath",53,558,1,2400,41,11,36
ce87eb0f80420c505b53adef21bf93d6,"technical books",18,612,1,500,23,2,16
f997c8ca952938be7b2d487f761c7e76,"fixed telephony",50,78,1,99,22,3,16
aea89e156fe6705b458e900a8790af90,"sport leisure",45,179,1,1150,16,12,12
dd1b2eb34840957a13204dd3dbc588bd,"Cool Stuff",52,673,1,175,30,20,25
cffa43acc63e8225bb6889f3c3bd74e3,"HEALTH BEAUTY",57,991,1,217,17,13,15
a2b35668d3b4c6f34b35c9f702ecc5b9,"Fashion Bags and Accessories",42,831,1,100,16,5,16
5773723f7819ffb88c5c758f8f8c183c,perfumery,54,909,2,700,20,20,20
bad25f9c179bd093af5ce28af7fd40f5,"computer accessories",36,218,1,900,30,14,11
9291234bfd76d396f56b5175d435dd84,"Furniture Decoration",40,274,1,200,27,10,12
f5287cac0d71b68c9cbf57fe0e19181e,automotive,49,199,1,2800,95,7,33
83ef44e104d09603c783f1cc00cff82a,"Watches present",58,591,1,500,16,11,11
8792f8b694229e5627aa6a15cf912052,housewares,48,204,1,1150,19,22,19
de7d3a484ee73d0be8b0b3518f910201,"sport leisure",56,1100,2,300,30,20,40
b4c8d3313b98fd124a787b571ac94148,housewares,58,102,1,200,30,40,30
11970aff9a8cf29a520127d0d8100901,"Furniture Decoration",53,1750,3,2550,105,3,70
c24f692e0f20f854c24c31517610ba7c,telephony,54,1057,6,200,18,3,16
c8aa3a6754ab1ad362858eca26f58c8b,"bed table bath",64,409,2,10900,45,15,35
9b393d3360316521a943267765a47fbf,"HEALTH BEAUTY",52,572,1,300,17,14,14
d3f4f3de0f4576184674937d1e9cecca,toys,51,122,4,450,20,31,30
53b36df67ebb7c41585e8d54d6772e08,"Watches present",33,523,3,584,16,11,13
9b191ab94826390cd135c837fb7bc881,"bed table bath",56,729,1,2700,20,30,30
b5075db67f027daed66cc97a6626a7b8,"bed table bath",58,663,1,4200,34,10,38
9ce90721c582bede1c152150a883b801,toys,54,240,1,300,20,20,20
4a0c2a56e65c941a0bb9874c47dd66d8,"bed table bath",58,2375,6,1400,30,20,26
a56af7192032f295ac582a2d70e4caba,telephony,57,1887,2,600,23,18,20
6b1b29dd58c0342e04f9063e070bd6ac,"Cool Stuff",52,894,1,2250,34,52,30
361b81e3cae3b21bd0119793c5399717,"party articles",45,499,6,4500,102,12,12
66b5f91356d928ae807ab4ee547f5e3e,"pet Shop",47,115,6,500,20,20,20
61aa436324fa31453598a454e10b2cb7,"sport leisure",55,800,1,900,23,18,18
97593959fc8ee0c67ac6c5a33fe61f4b,"Watches present",55,943,4,450,16,11,12
96f6baf4d6a2f7c90932573600903489,"House comfort",30,503,1,700,18,12,18
1e56c680b07833e85fec6904b2c7e4b8,"pet Shop",58,502,4,200,27,9,26
1ac09f60f3c3bc2021c637ef23fa3248,toys,31,735,3,600,20,20,20
e4003447524c275bcd706d07068b3f3d,telephony,25,287,1,75,19,3,11
d389bacae4eb98af95b782dae3b7f03a,"Watches present",50,589,2,600,19,10,15
73deb4d29b1361deb8e78b75478f210e,"sport leisure",60,1596,3,750,30,11,20
baf76b06184501269d8e44228cc940ac,automotive,60,332,2,100,16,5,16
c2df3d01bc5d236c85400b0d432bf97b,"Games consoles",15,728,1,110,17,2,14
98600823ba81f3ba76386dac7c31ee06,"HEALTH BEAUTY",47,1115,3,125,24,12,20
036734b5a58d5d4f46b0616ddc047ced,telephony,58,751,5,300,17,4,12
e29f2f8197f332ab172ad9ea6566853d,"computer accessories",59,445,1,133,16,12,15
dd7a209a646c04c176d7e9e9c855eeac,"sport leisure",51,546,3,750,23,28,38
e7ef7e0bc312196681f8304cf7ddd92e,automotive,37,269,3,6700,70,25,22
893c4e4b07dcb5a590645ddeb8894cb5,"Furniture Kitchen Service Area Dinner and Garden",60,137,1,16900,40,30,40
2954628cc646e129a849918ab2b366ee,automotive,59,651,5,4200,78,4,47
71685103d269d757074595a20bb82211,telephony,60,776,6,100,17,4,12
bc7496ccc90a64c022a56021c65c9cda,housewares,28,238,1,150,26,16,16
c1b555c58d48d228480072f1492cc14f,"bed table bath",42,331,1,550,23,37,35
a22f707cfd269773138c3bf3a43f6180,"Furniture Decoration",25,253,3,7000,25,25,25
b98546b83abd474d9517e36a1eddbc22,"sport leisure",56,617,3,1100,32,9,21
13ccab6df565f4b742fcd81031be9aaa,toys,44,1250,4,3850,35,26,41
1860b96949f9ff0adcd5e2c340d32e12,automotive,51,966,3,800,21,8,14
87aa68bb4f8c5d53b7a6a496ce10d86c,"pet Shop",55,703,1,1500,50,30,33
a1766f2d27b4e90a0d78d8e115295399,perfumery,58,942,2,450,16,16,22
1fcaf044ff67ca59df3f6cc560d9fbfc,"sport leisure",31,958,3,2350,92,4,24
654feb81aa65850b1962980f21be1525,"HEALTH BEAUTY",51,309,1,700,28,10,11
fddede0d4854d07dbb9bcf3b090697f3,automotive,53,357,2,500,16,16,12
a1fcd4b731530eed7fa5531f3f0c2fe0,"bed table bath",51,231,1,2100,40,6,29
4b54c1f607b7a55ec9a34555b5607539,automotive,57,703,6,4700,47,19,23
5445335704bf8a32827f3bf6b9701ed9,"sport leisure",39,468,1,200,20,20,20
88cd1536cced07ce8b7eb699521f841e,"bed table bath",55,514,1,900,16,10,16
1175dc374bce5c9d93c4d4281d8d85d7,perfumery,52,693,1,400,18,18,18
5c3f833c3941c6353fd0cc51686a1101,"computer accessories",54,1785,1,7000,57,11,52
cb57afec681197430ddab41d90304aba,"sport leisure",55,416,1,400,22,5,20
ffa5d8273d8e03363bb4014de3f89dce,"pet Shop",50,619,5,1150,40,20,30
2c71e9b9845634cb1ea6285a8f3cbf50,electronics,54,381,2,100,16,8,16
31a3ac2bdbd4af5074e25c5e92ca71ab,"Casa Construcao",57,707,1,10100,30,61,30
2500fb88ba75d71bd264e88b4da5b44b,telephony,55,370,1,250,16,8,11
95b6e8160fbea38f306a26e66a6465a3,automotive,59,555,1,4500,59,10,59
003128f981470c3e5a2e7445e4a771cd,"sport leisure",59,1100,6,1550,16,10,16
8058b0067728a211c68874081e7352d4,"sport leisure",56,1720,1,1000,20,20,14
57b46ac6f5503699255bab6cdde8222f,"bed table bath",58,184,1,3000,55,25,35
3ac52f93c2299daa201fbb7ff36546f7,"computer accessories",60,401,2,150,16,5,15
ac4005f3f9d2fba6bb8feb0ee1dc1395,housewares,30,167,1,2150,21,4,71
45af837344fa95e1fb3a840e9ffd8bf4,"sport leisure",49,515,1,550,27,25,25
375478581c97832540b9209722a32058,babies,60,566,1,17600,65,36,45
d31bf2a9527a3b785e229da07cbb86af,housewares,30,299,2,250,16,23,14
fe705ffbaa3804c5562b8b1046157a6c,"HEALTH BEAUTY",46,803,1,350,22,3,15
155eae0f604655ce68005b34cb88b7c9,"Construction Tools Construction",52,3500,3,2700,16,11,11
e9896cd67d67e394cc2d3b0ecfd11eb2,"Bags Accessories",56,488,3,17150,36,48,56
2eb9b2ef7c1da3c7b99702452ea4729f,"IMAGE IMPORT TABLETS",64,547,3,300,26,3,26
709839bfd3ba2c923015e0a5de970a7d,"HEALTH BEAUTY",32,1883,1,250,17,12,12
fc5c33cddd49638580cfe9fec90aa943,babies,16,978,1,300,16,8,11
2fad6925ba23d76e45c9496828e62a79,housewares,59,760,2,650,20,11,15
1ffe0f57d9bad302d252f7df6d6d29fc,automotive,59,1391,3,1700,34,18,16
49feeab25d6531f4bbd4e9e7c926cf36,"Fashion Bags and Accessories",48,731,1,200,16,2,11
aeb4a18fc6dad1f6cb6474d69f634ad2,"bed table bath",55,617,1,6400,30,30,30
58493ca240e8c701678576a04c2d6336,electronics,52,537,1,200,21,7,14
b7ffd29379437fd3b580dd2deb8e50c4,"bed table bath",59,497,2,1350,50,11,11
0dc7e2749b6f2da894167fc88c86a2cc,toys,30,1155,1,263,19,14,16
146a4eb8f7cef9788fecff10b104dec3,"General Interest Books",10,2068,1,1000,33,6,22
1ed390fc2e1df06251341c288d315eea,"sport leisure",56,1236,1,4350,20,20,20
693567e68c0e3d72dc3ae88159aeed6c,"Furniture Decoration",54,315,1,303,14,14,28
c9cfa62f6407e7bad1a59a8ad7255d4e,telephony,56,214,2,200,22,16,16
94e25ee525bdcdce608d423d902a0372,"Drink foods",58,457,3,2950,17,22,17
a53e969a04fa632529307e0e04d4c68a,"computer accessories",54,90,2,100,16,8,11
b8fd372c103037c02e9898f76ba0ab4c,"Cool Stuff",35,240,3,130,100,25,35
3512f777c335f8297b5ad43416b69cf8,"bed table bath",49,476,1,350,16,10,16
ccf965dc2dedc243ce245610ffcc1e6b,"Furniture Decoration",33,106,2,250,20,20,20
66f01f544ba693e1a1a7428caec79279,"Furniture Decoration",54,757,6,3300,19,7,16
7aeaa8f3e592e380c420e8910a717255,"home appliances",37,1642,10,5500,29,37,25
7f6f8bdeee8ab42b5b4873b754f22a15,"stationary store",41,312,2,200,24,7,14
c7b17e51e4a7c527e89a7d5cf6f2415a,"Construction Tools Construction",56,1133,1,4200,30,20,20
3099fd60323d4c647f2515690394bfb2,"HEALTH BEAUTY",41,1109,1,217,17,10,14
446e83f3f31931e9eda31363bde07293,"Room Furniture",55,595,1,5600,20,5,60
44dc6124432da8482da2977dbfa88f59,"HEALTH BEAUTY",59,1343,2,150,16,13,11
dd28e3f8ffd0e519d30839eb27ccfae3,"computer accessories",55,956,3,239,27,8,16
a853bf1a5f8d9f04f5df123168164720,"Imported books",63,1071,7,1300,29,9,18
8f4735c09292c695473969af57466365,"Fashion Bags and Accessories",60,83,1,200,16,2,11
bcac2cdcd851929a5caa3e1508d5abc9,housewares,45,928,1,800,39,6,28
dfb6e01f3415c48d80b21a9c1dd97697,"Construction Tools Construction",59,274,1,150,24,13,13
1cee940750667f29c969974d268656f8,"HEALTH BEAUTY",41,1918,1,580,39,11,15
b15b38f8a24ce6254dfa5bc5a06f18c5,automotive,50,214,4,1600,25,9,17
ca4a58d8a97a4e1c5822292d4cfcb4b6,"Fashion Bags and Accessories",35,385,1,100,17,3,12
e4f7023069a24c2297617d935f783a5c,"computer accessories",52,294,2,1000,20,20,20
224e8e64188b2731d83c3f5bfebd29d3,"Construction Tools Garden",54,118,1,1450,16,16,12
ace5d86cf1ac63cdb76f49e5cd23d2f8,"Furniture Decoration",60,473,1,600,30,4,20
4462167dca28740ae5078b9dce00f199,automotive,50,520,2,1200,19,6,14
1965752f8e30a01b19fea24c2577ad0d,foods,28,528,1,1376,23,15,21
b61d1388a17e3f547d2bc218df02335b,NULL,NULL,NULL,NULL,350,16,6,11
385a33a408e9c35c9fbc2025c12f3784,"computer accessories",52,967,1,220,22,13,12
6dbcbca84288705e65660c9b4f369134,toys,42,1604,1,6084,68,14,68
337be49673e511e2bd38d390cf57d7c4,"Watches present",53,542,2,400,16,11,20
124a15d998dfe011681819d7c792f7bb,"HEALTH BEAUTY",60,180,1,300,17,12,11
5cab8d5ca731b3de4c23b8b13b04e594,toys,32,122,2,250,16,15,15
1dd3a0b856546758b41e8ef9935f1831,housewares,53,532,1,600,20,7,20
c828d9e817355cc55ab8a449b2299f25,"Games consoles",48,691,2,317,20,7,16
85d187257cdbf2692d10649a11c7e78b,"Bags Accessories",47,414,1,2000,35,27,12
23b3e6e0aafa806f323de78534212b67,"Construction Tools Garden",34,1007,5,5650,40,16,50
8bf5b1e066d9fb2a639f8f69d55a370d,automotive,55,1440,1,575,20,10,15
cc3181a81384b6fc34602d49cb6068a6,"ELECTRICES 2",33,94,1,18450,68,21,42
ddddff18d8f990347156c317421df46d,"Bags Accessories",47,114,1,1000,35,10,34
5c17022eddee34a164a87606a586dd8b,"Furniture Decoration",39,400,1,450,35,35,11
26a5c56121a055cfa75ae4f9e324c024,automotive,56,199,2,75,16,15,15
f7e0b1caf4e8709c62147484d5b1aa6a,perfumery,55,310,3,200,20,5,13
9af87df86e72ade39565a7b20d8cecd3,"HEALTH BEAUTY",40,774,1,625,16,14,15
b9adb2d8377c195da59e75743dbb7133,NULL,NULL,NULL,NULL,200,16,2,11
4e9e7d1bed5934971a6ac480a0f5069f,"pet Shop",35,503,2,1500,40,45,30
2e04efb6656990084af256e304d9a573,"Bags Accessories",54,1632,6,650,20,40,50
74291f20821eae2aacb949b41622ef52,perfumery,42,155,1,600,20,20,30
5a719c85a2cad2da6076ea511aa4023f,"computer accessories",60,1873,1,225,17,17,17
1ee079ac734051dc6b17c085dc203b0c,electrostile,57,2259,1,550,20,13,21
17597731049645b4a7cd01de0b4188d5,toys,50,690,1,7175,50,22,40
4a9947ec1fcec2b3321193ed5590e8cb,"Watches present",42,576,3,300,16,2,20
d0c59b22539b0b391e5834a1dae7caa8,toys,35,272,2,350,19,22,17
4df4e2fa82369cf0ba8bb28833d44848,"Furniture Decoration",49,199,4,650,19,20,15
4c35791f944cf1550e8ae288b3f9e258,"computer accessories",53,514,3,424,25,10,19
eb6913790ee61d3d4d8dffcbbedea827,"pet Shop",57,1268,2,102,20,6,13
5b76cbb9c422e9f3920a1a75a88f0cf0,"House comfort",28,102,1,200,30,15,15
ea697d5bbca113fdf96cf66f7aa135c8,"HEALTH BEAUTY",36,668,1,650,16,40,11
64df6c5d4c7440a043e13fa796eb4ac4,"stationary store",60,466,7,400,21,7,15
148d27957e1653a2e9c8c3771f5a5a0f,"Watches present",60,628,2,200,16,11,11
614d9b959168fce3e0cbd0645acbb666,"Furniture Decoration",36,80,2,400,16,28,16
675dbd52c3dadeafa9a8c96ea5a9bfc6,babies,58,801,1,2300,36,30,19
5218cced384ab9377c69874bd7c703f3,"sport leisure",51,1368,2,400,20,17,17
28b5eddd0f9eb2e6a7dd8a36e0a79828,housewares,60,279,1,300,35,4,15
52198ab6a720304fd80cac19c691a049,"HEALTH BEAUTY",54,3569,2,150,32,20,20
54a03278272d6b4da99f843fb8120754,"sport leisure",52,920,4,600,35,15,30
919f371545037a68a1585ef9f0b9494a,climatization,52,1427,1,10050,51,49,24
665839d5bdf604c2909beca037c57144,toys,22,265,1,420,28,12,22
a7f2b139c27a47d32a6ab4529c65c134,"Watches present",59,168,3,200,16,2,11
c2c951d6f458fe552a49dcd590bdb4a6,"bed table bath",55,661,1,1200,35,3,30
df3975eccff1508fbdf8874d3b4edadc,"technical books",53,1909,1,500,25,4,18
3cb11cc74ce2cf42fd23d867c18a7745,toys,58,701,6,2250,55,12,35
c2c4115f38ec8f43e1052cf0735e289b,"Furniture Decoration",39,202,1,2300,40,10,30
3ea344b27741300cc4724d2a5af94460,"bed table bath",57,729,1,1500,20,30,30
e8f625d123fb9e3cdf3e99bda7db0db1,"sport leisure",54,664,1,250,22,10,15
89005f5c60b53829a9a617fe5e292221,automotive,40,622,6,700,40,15,40
298f838b1798d952580d034bf84bd33a,"Furniture Decoration",59,646,1,300,20,30,20
1d3d7e2bc2cb75e4e2c798ec9aae0279,telephony,57,1260,2,175,17,3,12
0f8977d115c52d93a05dd4eb7052baff,"bed table bath",59,266,1,3975,46,12,43
353f9040451759cc7153da959db1e531,"Cool Stuff",48,662,2,18600,38,74,38
8bc6752b88d4909a129ee0abfd76875b,"pet Shop",17,746,1,300,16,4,11
c83bfa25f218562a2db2cb8abce10e1e,"fixed telephony",63,150,2,100,16,16,16
9892435c317b92530812ef9fe68cffc6,"Fashion Bags and Accessories",51,731,1,200,16,2,11
332f784cac57e18f1194e8156ad5bd9d,"HEALTH BEAUTY",55,1735,1,2550,20,40,25
09ae715b435241d687067cb868b056a7,housewares,42,1182,1,15050,60,25,60
c76ce8f19e21cfc8226f0551ed5da750,"Cool Stuff",54,940,1,1800,42,25,15
0f4d27b820e317c951649da022895e0e,toys,37,337,1,325,17,18,12
926ecae86335e45fea05e1e39e9a5be9,housewares,51,339,2,9500,42,54,25
557484a8965bdc4e548658239f7663fd,"Garden tools",52,1493,6,4000,30,21,24
ceeba7d5636e59173cc5f484e913db3d,NULL,NULL,NULL,NULL,30000,65,65,65
70cc46ccdfff951dd7829395bce256ca,"Garden tools",54,1318,1,700,30,10,20
3d4c249691c5ff13ec7946d4d7a1aaa0,telephony,56,160,2,150,20,5,12
167752e318335bf6bdd6906c4c470266,"sport leisure",48,1422,1,200,18,8,14
2b5000342506556984dc8d0dcdbd4921,"home appliances",58,108,1,150,27,13,17
06ce9c3e61c7a07f872f8317a7dc534d,"HEALTH BEAUTY",42,3887,1,100,16,8,11
2f763ba79d9cd987b2034aac7ceffe06,electronics,45,1198,2,595,8,6,6
e5d51a994a31fdaf8d7ec087d31a9576,"HEALTH BEAUTY",44,610,1,600,26,6,18
31d6f0a621ee145ae8c70304cf564483,"Watches present",54,691,2,200,16,2,11
b9055c6417cea84a8198fec56ff6148f,"Construction Tools Illumination",58,291,1,2350,30,30,30
3f9714af5d7efa95476ebf732c9078c8,"Garden tools",39,120,2,200,25,5,12
995e25d9b46dee183004994645768d95,"sport leisure",57,722,4,500,16,15,20
f9aa001a859b11fd798bb386f3d07eb0,"pet Shop",54,802,17,9000,33,30,44
05e75e2ebb007f6cadbc9925311b014b,"Furniture Decoration",63,522,2,500,80,10,60
77e54bccbb383f52f76910f34d4cda43,"HEALTH BEAUTY",32,1032,1,100,16,2,11
8650c4bacaf0a2cd9ce38bd72004c276,"HEALTH BEAUTY",42,951,2,400,18,18,18
68db47d312d0b87e469762f0481d3b9c,"Garden tools",60,681,4,16900,38,70,38
2756f88aa420dd0c5aa25b2db78d4664,telephony,58,381,3,200,19,4,11
be19e1611a6015a66266d199ff3ccce0,"Games consoles",38,456,1,150,29,2,16
56e04ad5959e2c30a6754d9cc1f098f2,"HOUSE PASTALS OVEN AND CAFE",46,490,1,225,18,18,16
1f8281d23bd0d53a9d2cea4bad53ca58,"Furniture Decoration",52,745,4,18200,40,60,40
d2806dfb8e3474bcba8b5bcd771ff12c,toys,58,789,2,790,28,24,31
0eb41884a8773e019708fb8409fd8347,babies,41,1064,1,21467,76,57,51
1c0b635cee597371e54d222a1d8e0386,"Watches present",52,706,2,300,16,11,11
3651da23518f818b7da19d3ec6c69f5e,"Furniture Decoration",33,1405,3,150,35,2,25
37c4c3f162a9549087175b1391df2f02,"HEALTH BEAUTY",30,530,1,975,19,12,15
407eeaa1c0dcd776f6c2ad41db4c62e5,telephony,56,1613,2,304,19,11,16
da37b504ecf6099b4f8af452ebdab0cc,babies,39,1285,2,8200,40,35,35
04b2173a311a1fe1a8c90a59c0a0f474,"pet Shop",41,186,2,700,16,35,25
661d83b6b4988942aa9b449b57e12f81,toys,60,48,1,1400,60,30,16
e337509290028e0c81c0ac93d7b1234e,automotive,46,2145,8,18000,50,20,20
50571d0f0f8ffbeec1c64cefeec01135,"Fashion Bags and Accessories",58,526,5,350,43,16,27
b1fa0cf0885504d458c2a48e376ea087,"Furniture Decoration",52,603,2,1200,65,12,12
9d358fd2a77935cffa32834b50cfb21e,"Cool Stuff",53,953,1,1200,42,25,15
3ae4b63ae37e03994e257921c73d50b8,"bed table bath",59,282,2,7683,38,45,52
de907886b218bfa2e0097c1fdff81785,electronics,60,443,2,100,22,4,11
d82bca823d7ea924fb38e011970205dd,"Furniture Decoration",49,1720,2,600,65,11,11
7ce49c8945602088c4c4ca3e0ceb8244,NULL,NULL,NULL,NULL,1400,35,3,35
27c63413ca2806bcab40a31d0f862a59,climatization,60,1271,1,4550,40,21,32
a93ad122024312ca432da7f7b32474b4,"bed table bath",48,267,1,1588,48,12,44
98bf9f3941be6afbca9ea37f8eb0c466,"pet Shop",40,287,6,1400,20,16,22
1fd95182c672cf5b10c82207ca5dab97,automotive,58,797,5,1100,23,7,38
ac01b71ddb644fe8806e71a6030accf9,"Furniture Decoration",29,250,2,800,32,6,28
35e26f65c3f380cfe6257d771fb067d2,"sport leisure",45,1134,1,867,26,15,18
089cc17c8bf2226d13648392e33dabd7,"computer accessories",32,999,3,225,17,5,20
